,0
0,60036.24
1,56981.812
2,54712.26
3,53252.125
4,52807.887
5,52776.793
6,53149.25
7,53678.707
8,54083.086
9,54071.18
10,53115.45
11,51381.53
12,49468.15
13,47320.887
14,46522.883
15,47828.457
16,49434.062
17,51417.824
18,53455.664
19,55306.29
20,56714.824
21,57357.54
22,57094.875
23,56241.492
24,55040.543
25,53783.832
26,52083.715
27,50540.85
28,49937.863
29,49899.816
30,49870.844
31,50048.316
32,49727.85
33,47642.312
34,44001.293
35,40310.6
36,39312.984
37,39765.547
38,40482.355
39,41911.9
40,43989.316
41,46336.82
42,49105.637
43,52530.1
44,55669.5
45,56908.7
46,56737.195
47,55854.1
48,54708.32
49,51776.637
50,48908.887
51,48070.402
52,47888.625
53,48452.258
54,50037.156
55,52503.844
56,55560.242
57,58390.562
58,59448.906
59,58158.293
60,56054.03
61,54090.0
62,54314.98
63,56061.773
64,57974.387
65,60031.664
66,62252.344
67,63819.887
68,64580.73
69,64124.574
70,62801.613
71,61336.406
72,59515.645
73,57017.51
74,54624.133
75,53225.29
76,52718.01
77,53022.918
78,54130.023
79,55750.375
80,57386.855
81,59245.3
82,59556.883
83,58363.824
84,57008.28
85,56508.53
86,57126.992
87,58340.637
88,60080.914
89,61885.117
90,63119.832
91,63838.26
92,64004.773
93,63571.7
94,62481.863
95,61095.707
96,59069.523
97,56408.336
98,54146.77
99,52806.664
100,52588.582
101,53027.164
102,53679.78
103,54302.363
104,55004.57
105,55714.23
106,56298.176
107,56338.164
108,55931.27
109,55722.812
110,56030.676
111,56943.074
112,58380.387
113,60067.445
114,61382.05
115,62189.195
116,62533.824
117,62201.77
118,61400.133
119,60296.836
120,59087.023
121,56941.51
122,54724.65
123,52809.51
124,52037.63
125,52474.79
126,54142.76
127,56934.242
128,60902.605
129,63940.367
130,64755.395
131,63387.137
132,61283.543
133,59890.523
134,59260.344
135,59667.43
136,60980.445
137,62389.664
138,63483.363
139,64421.688
140,64684.992
141,64088.062
142,62857.824
143,61439.95
144,59960.562
145,57782.52
146,55471.54
147,53744.113
148,52811.96
149,52484.24
150,52884.406
151,54157.758
152,56147.273
153,58421.48
154,60522.03
155,60427.03
156,58929.48
157,58040.914
158,58434.375
159,59873.85
160,61868.242
161,63675.03
162,64964.883
163,65534.344
164,65358.71
165,64283.03
166,62672.867
167,61153.395
168,59294.195
169,56150.508
170,53815.914
171,52432.26
172,52122.53
173,52053.543
174,52314.363
175,52619.055
176,52926.01
177,52791.645
178,51982.406
179,49944.81
180,48184.76
181,47388.09
182,47441.176
183,48499.12
184,50100.727
185,52016.688
186,54010.23
187,55800.914
188,57150.664
189,57859.805
190,57576.758
191,56564.3
192,54991.105
193,53199.695
194,51095.035
195,49466.457
196,48648.707
197,48387.695
198,48257.656
199,48022.348
200,47368.69
201,45788.414
202,43624.703
203,42736.74
204,42435.33
205,42484.664
206,43214.504
207,44522.977
208,46517.348
209,48983.85
210,51815.78
211,54730.695
212,56962.54
213,57863.55
214,57592.73
215,56543.676
216,54895.637
217,51436.79
218,48993.277
219,48003.06
220,47793.8
221,48383.97
222,49912.758
223,52394.695
224,56022.773
225,61073.094
226,65546.445
227,68217.49
228,67853.89
229,66662.49
230,65820.7
231,65014.867
232,64154.082
233,63569.613
234,62932.926
235,62614.742
236,62695.793
237,61806.406
238,60790.8
239,61954.387
240,65364.727
241,65637.65
242,65948.42
243,66523.08
244,67009.08
245,67177.27
246,66903.33
247,66586.55
248,64893.207
249,63803.727
250,64261.77
251,65024.54
252,65105.53
253,64496.156
254,63375.77
255,62659.49
256,62331.758
257,62384.457
258,63123.53
259,63954.438
260,64505.79
261,64133.46
262,63087.65
263,61910.117
264,60616.727
265,58832.53
266,56984.78
267,55283.914
268,54146.492
269,53863.926
270,54504.52
271,56015.188
272,58016.22
273,60559.062
274,62044.176
275,61027.98
276,58483.79
277,56641.543
278,56695.27
279,58229.945
280,59730.99
281,61265.574
282,62862.418
283,64068.23
284,64499.176
285,63863.05
286,62633.426
287,61361.582
288,59882.508
289,57478.93
290,55144.625
291,53588.793
292,52956.97
293,53098.438
294,54092.727
295,55815.82
296,57769.164
297,59818.094
298,60637.895
299,58803.863
300,56391.95
301,55481.676
302,56551.555
303,58052.22
304,59941.414
305,62184.07
306,63567.95
307,64304.023
308,64483.26
309,63822.45
310,62610.836
311,61251.562
312,59554.97
313,57134.49
314,54761.27
315,53286.4
316,52685.03
317,52706.727
318,53342.48
319,54575.05
320,56183.832
321,57980.336
322,59288.35
323,58691.945
324,57057.594
325,56180.426
326,57232.5
327,59267.125
328,61558.02
329,63403.914
330,64726.062
331,65279.855
332,65062.68
333,64122.23
334,62722.21
335,61206.625
336,59234.293
337,55872.02
338,53545.383
339,52087.984
340,51722.887
341,51632.32
342,51906.395
343,52238.9
344,52649.78
345,53534.99
346,54597.8
347,55452.18
348,55904.375
349,55707.43
350,55556.668
351,55908.562
352,56776.57
353,57277.227
354,57172.414
355,56959.086
356,56715.73
357,56143.332
358,54966.742
359,52854.85
360,49993.508
361,49187.203
362,48663.746
363,48646.758
364,49023.96
365,49718.86
366,50682.387
367,51646.332
368,52394.33
369,52240.39
370,51685.24
371,51129.043
372,50674.94
373,50550.863
374,51040.83
375,51992.395
376,53175.445
377,54230.227
378,54964.832
379,55344.28
380,55332.906
381,54974.395
382,54289.8
383,53358.78
384,52235.46
385,49523.406
386,47926.91
387,47139.754
388,46914.46
389,47633.88
390,49342.613
391,52411.7
392,56407.875
393,60530.836
394,62304.85
395,61639.344
396,60174.406
397,59348.645
398,59516.73
399,60759.76
400,62336.9
401,63836.977
402,65011.938
403,65650.7
404,65655.47
405,65092.332
406,63850.906
407,62263.992
408,60899.105
409,58882.477
410,56407.01
411,54294.207
412,53052.844
413,52591.625
414,52818.555
415,53850.418
416,55638.637
417,57864.727
418,60017.773
419,60361.633
420,59554.5
421,58841.625
422,59152.04
423,60647.957
424,62737.625
425,64745.7
426,65640.85
427,65596.58
428,64935.72
429,63786.324
430,62194.883
431,60532.574
432,58020.875
433,55337.21
434,53434.26
435,52592.52
436,52485.95
437,53276.074
438,55154.93
439,57776.324
440,61663.117
441,64788.824
442,65673.92
443,64804.832
444,63035.57
445,61477.094
446,60908.02
447,61388.863
448,62388.938
449,63586.387
450,64703.76
451,65094.562
452,64950.773
453,64228.04
454,63125.875
455,61980.055
456,60696.29
457,58790.95
458,56653.562
459,54763.125
460,53764.168
461,53855.195
462,55008.707
463,56843.05
464,59003.688
465,61583.35
466,63254.98
467,63886.137
468,63423.812
469,61775.836
470,60265.926
471,59833.742
472,60320.5
473,61097.26
474,62380.445
475,64057.074
476,65333.43
477,65300.95
478,64053.727
479,62577.617
480,61359.668
481,60023.53
482,57915.492
483,55665.68
484,53902.883
485,53025.4
486,53063.105
487,54108.79
488,55970.45
489,58149.812
490,60281.24
491,60353.086
492,58560.49
493,56803.82
494,57096.336
495,58911.895
496,61208.637
497,63050.863
498,64445.824
499,65354.363
500,65455.707
501,64627.707
502,63102.008
503,61564.207
504,59936.094
505,56794.18
506,54244.93
507,52629.055
508,52289.133
509,52162.71
510,52307.54
511,52577.656
512,52522.656
513,51878.48
514,50792.633
515,49312.035
516,48137.773
517,47945.047
518,48482.05
519,49774.652
520,51461.285
521,53219.727
522,55053.867
523,56505.727
524,57419.613
525,57746.125
526,57266.938
527,56103.4
528,54330.562
529,52355.46
530,50346.24
531,49002.504
532,48466.984
533,48257.492
534,48120.934
535,47887.05
536,47141.176
537,45624.203
538,44127.24
539,43110.086
540,42667.46
541,42425.61
542,42923.227
543,44269.17
544,46245.594
545,48514.87
546,51357.164
547,54434.156
548,56801.867
549,57706.137
550,57513.8
551,56529.21
552,55031.844
553,51630.664
554,49131.05
555,47881.71
556,47636.547
557,48121.535
558,49632.81
559,51986.57
560,55276.805
561,59519.344
562,62100.062
563,62524.887
564,61624.742
565,61174.227
566,61980.176
567,63712.594
568,65382.555
569,66404.71
570,66860.586
571,66798.47
572,66386.3
573,65277.6
574,63488.96
575,61457.664
576,59330.926
577,56938.54
578,54877.637
579,53511.613
580,52985.93
581,53167.3
582,54294.992
583,56417.242
584,59533.3
585,62538.582
586,63428.855
587,62913.85
588,62007.71
589,61442.344
590,61600.367
591,62410.96
592,63505.543
593,64613.605
594,65468.28
595,65733.3
596,65207.457
597,63991.04
598,62311.03
599,60576.082
600,58135.664
601,55792.605
602,53888.844
603,52853.79
604,52618.613
605,53191.695
606,54655.062
607,56703.57
608,59387.438
609,61780.273
610,61983.32
611,60650.8
612,59336.07
613,58931.668
614,59576.625
615,61113.945
616,62606.656
617,63667.805
618,64370.137
619,64761.867
620,64661.242
621,63831.51
622,62461.18
623,60931.04
624,58989.113
625,56613.47
626,54511.637
627,53249.21
628,52672.15
629,52665.574
630,53351.176
631,54736.414
632,56615.508
633,58859.85
634,59826.168
635,58492.008
636,56933.43
637,56702.844
638,57892.668
639,59589.945
640,61624.4
641,63317.48
642,64396.07
643,64893.855
644,64820.8
645,63971.55
646,62613.77
647,61227.99
648,59362.24
649,56811.07
650,54577.633
651,53262.3
652,52690.73
653,52673.867
654,53327.29
655,54620.02
656,56265.49
657,58140.195
658,58733.15
659,57223.113
660,54844.176
661,54803.477
662,56715.625
663,58854.605
664,61128.926
665,63453.637
666,64849.562
667,65428.32
668,65414.805
669,64691.055
670,63233.582
671,61557.883
672,59716.945
673,56406.1
674,53923.258
675,52398.43
676,52209.93
677,52175.156
678,52370.25
679,52581.336
680,52334.23
681,51366.836
682,49873.72
683,48752.133
684,48399.684
685,48782.793
686,49937.07
687,51653.28
688,53597.586
689,55502.023
690,56997.977
691,57898.332
692,58463.426
693,58576.93
694,57847.73
695,56485.0
696,54655.094
697,52658.637
698,51226.15
699,50197.785
700,49742.367
701,50142.258
702,50740.824
703,51562.992
704,52833.02
705,54049.645
706,55440.637
707,56461.26
708,56781.867
709,56796.332
710,56683.77
711,56537.926
712,56484.418
713,56555.805
714,56760.863
715,56943.832
716,57205.7
717,57463.145
718,57450.176
719,57078.094
720,56810.426
721,55009.82
722,52383.67
723,49888.145
724,48911.26
725,49288.777
726,50123.707
727,51857.594
728,53899.023
729,55670.52
730,57434.367
731,58399.574
732,58910.164
733,59344.332
734,59818.395
735,60539.562
736,61376.47
737,62069.645
738,62460.18
739,62563.086
740,62360.605
741,62141.76
742,61549.324
743,59718.5
744,57891.324
745,55752.27
746,54456.023
747,53452.72
748,53565.49
749,54931.15
750,57149.812
751,60140.656
752,63369.273
753,65499.344
754,66392.97
755,66460.94
756,66078.6
757,65662.16
758,65449.51
759,65523.3
760,65631.61
761,65525.617
762,65168.305
763,64498.617
764,63596.01
765,62454.773
766,60830.926
767,59086.18
768,57792.918
769,56486.105
770,55366.543
771,54692.9
772,54554.156
773,54906.18
774,55590.918
775,56453.637
776,57216.395
777,57707.22
778,57716.887
779,57393.594
780,56982.75
781,57028.844
782,57768.867
783,59055.062
784,60683.97
785,62358.53
786,63638.457
787,64316.29
788,64281.938
789,63522.562
790,62252.113
791,60941.605
792,59021.95
793,56501.305
794,54446.242
795,53225.125
796,52719.68
797,52993.086
798,54074.926
799,55714.1
800,57511.414
801,59713.406
802,59699.086
803,57511.53
804,55347.094
805,55288.3
806,56931.926
807,58731.414
808,60809.71
809,62706.96
810,63795.48
811,64302.7
812,64293.117
813,63454.77
814,62213.137
815,60955.258
816,59004.57
817,56490.176
818,54344.28
819,53109.676
820,52668.805
821,52877.844
822,53871.293
823,55502.22
824,57312.95
825,59380.508
826,59699.24
827,57910.113
828,55664.85
829,55592.24
830,57433.35
831,59643.625
832,61981.082
833,63971.99
834,65035.406
835,65304.582
836,65033.78
837,64044.45
838,62577.78
839,61074.07
840,59073.477
841,55898.855
842,53696.2
843,52393.44
844,52163.49
845,52052.71
846,52140.957
847,52311.055
848,52313.953
849,52460.625
850,52697.117
851,52925.52
852,53362.98
853,54140.918
854,55267.9
855,56671.2
856,57961.074
857,58711.76
858,58992.633
859,58953.844
860,58520.24
861,57897.617
862,56991.023
863,55428.15
864,52819.27
865,51026.555
866,49729.72
867,48961.805
868,48480.086
869,48279.49
870,48452.01
871,48935.88
872,49449.992
873,49170.566
874,47443.746
875,45729.84
876,44780.37
877,44083.84
878,44172.902
879,44893.242
880,46385.99
881,48786.566
882,51913.6
883,54620.395
884,56078.977
885,56465.355
886,56024.72
887,55075.3
888,53709.426
889,50315.84
890,48285.836
891,47485.465
892,47146.523
893,47675.805
894,49085.914
895,51418.6
896,54504.137
897,57019.863
898,57368.344
899,56229.137
900,54604.95
901,54321.85
902,55963.5
903,57912.977
904,59640.32
905,61788.844
906,63332.02
907,64422.95
908,64896.28
909,64363.477
910,62843.49
911,61218.508
912,59074.477
913,56514.93
914,54330.53
915,53142.383
916,52676.207
917,52769.26
918,53513.688
919,54861.98
920,56639.043
921,58624.24
922,59017.438
923,57598.7
924,55636.426
925,55823.938
926,57634.51
927,59962.477
928,62246.188
929,64189.93
930,65121.414
931,65334.824
932,65028.78
933,64166.613
934,62721.113
935,61100.914
936,58978.832
937,55828.15
938,53667.906
939,52688.438
940,52434.867
941,52625.8
942,52914.438
943,53241.72
944,53203.617
945,52548.562
946,50823.08
947,49085.523
948,48512.88
949,49602.383
950,52097.133
951,55252.117
952,57826.137
953,59646.79
954,60441.47
955,60242.77
956,59409.918
957,58249.01
958,56796.977
959,54774.355
960,52774.05
961,51168.062
962,50337.79
963,49476.383
964,49387.82
965,50164.863
966,51839.527
967,54670.49
968,58370.133
969,61502.867
970,60730.832
971,58897.023
972,57265.18
973,56744.29
974,57598.867
975,59359.32
976,61148.105
977,62768.5
978,63947.324
979,64547.812
980,64506.53
981,63829.47
982,62661.875
983,61218.363
984,59173.605
985,56692.79
986,54592.633
987,53255.85
988,52672.7
989,52801.895
990,53736.613
991,55330.742
992,57237.03
993,59455.176
994,60274.363
995,58693.613
996,57341.633
997,57625.8
998,59409.168
999,61700.668
1000,63638.75
1001,65061.1
1002,65573.51
1003,65631.39
1004,65246.977
1005,64163.605
1006,62751.305
1007,61253.082
1008,59430.55
1009,56281.97
1010,54035.742
1011,52615.85
1012,52169.812
1013,51942.375
1014,52010.375
1015,52305.31
1016,52416.07
1017,52251.06
1018,51933.543
1019,51756.12
1020,51967.227
1021,52526.98
1022,53575.613
1023,54951.21
1024,56353.273
1025,57655.055
1026,58560.992
1027,59293.54
1028,59814.523
1029,59926.188
1030,58892.332
1031,57405.074
1032,55396.57
1033,53510.043
1034,51537.94
1035,49917.02
1036,49021.758
1037,48464.54
1038,48189.727
1039,48057.617
1040,47480.55
1041,46386.945
1042,45270.89
1043,44759.336
1044,44666.543
1045,45078.797
1046,46095.387
1047,47704.61
1048,50015.305
1049,52569.32
1050,55055.008
1051,57261.01
1052,59004.523
1053,59947.688
1054,58722.65
1055,57226.656
1056,55641.156
1057,52038.715
1058,49526.773
1059,48202.68
1060,47881.15
1061,48291.32
1062,49707.062
1063,52065.094
1064,55734.24
1065,59898.645
1066,61590.344
1067,61051.074
1068,60163.645
1069,60212.78
1070,61986.523
1071,64350.6
1072,65841.7
1073,66925.984
1074,67395.8
1075,67398.89
1076,66893.55
1077,65682.41
1078,63849.2
1079,61823.305
1080,59940.43
1081,57217.664
1082,54941.555
1083,53470.562
1084,52847.7
1085,52983.24
1086,53940.04
1087,55838.07
1088,58815.977
1089,62378.74
1090,63956.9
1091,63425.805
1092,62529.062
1093,62462.676
1094,63331.176
1095,64757.383
1096,66058.36
1097,67038.39
1098,67605.055
1099,68071.04
1100,67851.875
1101,66610.72
1102,64436.133
1103,62268.24
1104,60394.93
1105,57903.125
1106,55720.164
1107,54033.57
1108,53079.8
1109,52880.305
1110,53440.24
1111,54832.35
1112,57024.242
1113,60190.43
1114,62715.074
1115,62714.457
1116,61517.79
1117,61183.055
1118,62453.074
1119,64537.324
1120,66417.32
1121,67666.84
1122,68225.67
1123,68287.73
1124,67902.43
1125,66694.24
1126,64643.27
1127,62498.9
1128,60560.586
1129,58019.555
1130,55792.406
1131,54150.375
1132,53249.438
1133,53143.72
1134,53805.887
1135,55321.99
1136,57677.176
1137,60942.875
1138,63127.137
1139,62610.594
1140,61415.742
1141,61454.3
1142,63180.21
1143,65441.02
1144,67055.336
1145,68128.695
1146,68685.67
1147,68807.33
1148,68358.42
1149,67023.86
1150,64775.883
1151,62416.93
1152,60351.49
1153,57676.977
1154,55350.508
1155,53797.02
1156,53110.883
1157,53180.7
1158,54063.0
1159,55904.07
1160,58558.98
1161,61540.883
1162,62846.543
1163,62186.395
1164,61287.95
1165,61255.094
1166,62727.5
1167,65065.45
1168,66873.65
1169,67867.516
1170,68309.99
1171,68404.08
1172,67967.91
1173,66588.17
1174,64447.258
1175,62330.164
1176,60400.273
1177,56859.875
1178,54455.418
1179,52836.008
1180,52120.39
1181,51745.848
1182,51825.65
1183,52299.75
1184,53239.75
1185,54233.07
1186,54839.844
1187,55162.28
1188,55278.25
1189,55646.15
1190,56222.21
1191,56975.375
1192,57779.508
1193,58410.54
1194,58883.25
1195,59182.195
1196,59254.727
1197,58909.617
1198,58081.85
1199,56674.086
1200,54310.824
1201,52740.605
1202,51135.65
1203,49751.06
1204,48834.902
1205,48349.594
1206,48196.406
1207,48139.766
1208,47735.438
1209,47051.88
1210,46848.895
1211,46976.82
1212,47603.668
1213,48761.402
1214,50413.15
1215,52667.7
1216,55181.227
1217,57441.305
1218,58542.445
1219,58688.93
1220,58282.176
1221,57671.1
1222,56688.76
1223,55267.457
1224,53598.2
1225,50331.28
1226,48872.51
1227,47757.17
1228,47498.113
1229,48214.074
1230,50083.47
1231,53378.8
1232,57741.418
1233,61234.523
1234,61794.688
1235,60680.207
1236,59496.133
1237,59425.195
1238,60829.258
1239,62868.375
1240,64411.53
1241,65421.332
1242,65890.35
1243,65927.21
1244,65387.54
1245,64161.906
1246,62634.65
1247,60827.008
1248,58602.805
1249,56119.43
1250,54142.918
1251,53087.46
1252,52802.688
1253,53167.22
1254,54295.176
1255,56240.52
1256,58905.008
1257,61169.668
1258,61010.25
1259,59734.76
1260,58575.02
1261,59007.523
1262,61244.086
1263,63402.164
1264,65053.008
1265,66005.77
1266,66374.36
1267,66416.67
1268,66123.77
1269,65162.805
1270,63526.926
1271,61668.555
1272,59792.53
1273,57230.555
1274,54947.117
1275,53497.77
1276,52827.043
1277,52752.65
1278,53384.29
1279,54881.926
1280,57225.867
1281,59817.28
1282,60745.375
1283,60144.395
1284,59278.188
1285,59569.367
1286,61391.45
1287,63623.07
1288,65511.918
1289,66611.66
1290,67111.67
1291,67264.36
1292,66953.516
1293,65865.734
1294,64054.168
1295,62097.23
1296,60140.727
1297,57629.02
1298,55382.945
1299,53809.676
1300,53057.1
1301,52961.406
1302,53627.312
1303,55252.1
1304,57770.45
1305,60859.543
1306,62572.695
1307,62343.75
1308,61426.117
1309,61245.52
1310,62339.707
1311,64296.656
1312,66022.68
1313,67111.04
1314,67492.03
1315,67530.67
1316,67203.3
1317,66011.77
1318,63988.27
1319,61905.02
1320,60014.574
1321,57690.793
1322,55640.367
1323,54172.43
1324,53540.594
1325,53655.4
1326,54587.195
1327,56472.8
1328,59359.53
1329,62289.164
1330,63440.043
1331,62975.51
1332,62413.57
1333,62658.793
1334,63857.49
1335,65375.188
1336,66587.95
1337,67458.12
1338,67978.02
1339,68219.27
1340,68074.914
1341,66933.12
1342,64764.992
1343,62256.9
1344,60099.633
1345,56826.18
1346,55307.883
1347,54306.656
1348,53376.03
1349,52701.117
1350,52351.18
1351,52323.027
1352,52470.062
1353,52467.363
1354,52331.742
1355,52189.477
1356,52073.035
1357,51758.91
1358,51537.273
1359,51835.05
1360,52843.07
1361,54448.43
1362,55973.29
1363,57182.367
1364,58076.82
1365,58502.887
1366,57998.508
1367,56731.914
1368,54807.594
1369,52954.406
1370,51016.1
1371,49384.727
1372,48421.6
1373,47925.52
1374,47742.164
1375,47663.145
1376,47078.9
1377,46108.203
1378,45336.445
1379,45222.918
1380,45853.336
1381,46559.043
1382,47338.715
1383,48975.812
1384,50717.05
1385,52715.875
1386,54973.094
1387,56887.457
1388,57921.355
1389,58047.01
1390,57453.49
1391,56259.137
1392,54395.582
1393,50910.31
1394,49226.004
1395,48202.918
1396,47827.867
1397,48215.26
1398,49381.195
1399,51677.125
1400,54826.23
1401,58060.523
1402,59914.727
1403,59621.258
1404,58402.188
1405,58652.426
1406,60463.71
1407,62521.71
1408,64653.35
1409,66907.586
1410,67703.24
1411,67921.83
1412,67592.5
1413,66413.13
1414,64576.617
1415,61968.46
1416,59661.062
1417,57318.75
1418,55375.074
1419,54026.74
1420,53342.477
1421,53184.164
1422,53578.28
1423,54521.414
1424,56882.24
1425,61252.01
1426,62456.49
1427,61285.65
1428,60119.04
1429,60777.4
1430,62517.96
1431,64306.96
1432,66157.52
1433,67671.54
1434,68588.91
1435,68820.266
1436,68220.47
1437,67009.16
1438,65079.227
1439,62522.664
1440,59854.707
1441,57085.02
1442,54773.227
1443,53402.46
1444,52756.855
1445,52699.45
1446,53251.258
1447,54676.605
1448,57507.695
1449,61519.543
1450,63227.53
1451,62641.344
1452,61369.03
1453,61985.7
1454,64583.21
1455,66748.08
1456,68867.39
1457,70535.79
1458,70894.07
1459,70512.22
1460,69438.91
1461,67859.88
1462,65610.38
1463,63051.9
1464,60264.332
1465,56582.586
1466,53856.01
1467,52106.06
1468,51619.9
1469,51675.65
1470,52014.992
1471,52997.977
1472,54543.25
1473,56157.383
1474,57135.6
1475,57626.03
1476,57511.773
1477,57389.305
1478,57811.8
1479,59124.05
1480,60617.867
1481,62026.77
1482,63365.8
1483,64220.887
1484,64151.26
1485,63725.79
1486,62013.906
1487,59224.78
1488,56840.79
1489,53864.023
1490,51946.188
1491,51085.85
1492,50287.6
1493,50666.062
1494,52253.914
1495,54853.836
1496,58120.562
1497,62516.207
1498,64748.793
1499,63821.156
1500,61946.332
1501,61629.543
1502,63703.492
1503,65628.05
1504,67446.39
1505,69384.086
1506,70297.51
1507,69951.87
1508,69370.31
1509,68101.8
1510,65975.01
1511,63455.707
1512,61099.242
1513,58070.375
1514,55955.707
1515,54305.367
1516,53634.01
1517,53453.688
1518,53372.26
1519,53502.71
1520,54136.055
1521,55332.6
1522,56264.582
1523,56844.133
1524,57184.156
1525,57385.145
1526,57646.676
1527,57757.957
1528,57754.926
1529,57871.914
1530,58077.867
1531,58745.562
1532,60036.094
1533,61442.625
1534,61819.164
1535,61257.664
1536,60192.51
1537,58913.707
1538,57218.0
1539,55401.188
1540,53389.676
1541,51732.383
1542,50739.1
1543,50248.332
1544,49997.473
1545,49898.727
1546,49859.523
1547,49872.668
1548,50190.895
1549,50717.2
1550,51380.76
1551,52544.906
1552,54222.78
1553,56115.305
1554,58147.55
1555,59994.2
1556,61391.53
1557,61637.805
1558,60471.918
1559,58652.664
1560,56922.887
1561,53582.414
1562,51252.844
1563,50306.86
1564,49685.965
1565,49899.9
1566,51142.297
1567,53313.03
1568,56915.625
1569,63317.414
1570,66893.45
1571,65877.055
1572,64267.73
1573,65080.93
1574,67660.875
1575,69830.58
1576,72281.94
1577,74646.58
1578,75327.68
1579,74623.51
1580,73270.42
1581,71339.95
1582,68952.27
1583,65979.4
1584,63289.72
1585,60255.855
1586,58043.605
1587,56840.695
1588,56505.0
1589,56901.03
1590,57915.383
1591,60171.668
1592,64491.914
1593,71478.97
1594,75581.61
1595,76217.65
1596,76193.09
1597,76775.79
1598,78259.3
1599,80076.46
1600,81675.71
1601,82964.93
1602,83555.2
1603,83492.766
1604,82240.734
1605,79733.51
1606,75960.266
1607,71641.61
1608,67647.336
1609,63475.594
1610,60364.68
1611,58421.562
1612,57197.844
1613,56695.68
1614,56937.258
1615,58172.113
1616,61521.76
1617,66298.11
1618,69080.01
1619,67271.83
1620,65691.94
1621,67084.21
1622,69285.0
1623,70806.055
1624,73062.95
1625,74638.6
1626,74992.61
1627,74494.2
1628,73222.9
1629,70957.05
1630,67972.61
1631,64909.0
1632,61751.695
1633,58687.438
1634,56550.18
1635,55422.168
1636,55156.04
1637,55575.883
1638,56589.523
1639,58524.98
1640,62392.668
1641,67991.836
1642,70817.484
1643,69718.72
1644,68504.34
1645,69980.13
1646,71976.34
1647,73720.19
1648,75627.23
1649,76719.62
1650,77126.06
1651,76942.2
1652,76306.33
1653,74531.086
1654,71508.89
1655,67812.21
1656,64274.273
1657,60845.645
1658,58052.336
1659,56418.344
1660,55701.195
1661,55807.914
1662,56521.445
1663,58022.9
1664,61533.9
1665,67162.14
1666,71702.86
1667,72281.89
1668,71963.79
1669,73293.83
1670,75908.3
1671,77968.05
1672,79947.766
1673,81264.766
1674,81465.59
1675,81151.125
1676,79907.58
1677,77650.55
1678,73908.2
1679,69917.68
1680,65972.11
1681,61375.387
1682,58770.79
1683,57261.324
1684,56611.586
1685,56895.992
1686,57738.227
1687,59133.418
1688,60981.875
1689,62781.168
1690,64067.78
1691,64907.125
1692,65854.04
1693,66848.8
1694,67791.08
1695,68164.21
1696,68471.17
1697,69006.1
1698,70186.75
1699,71376.2
1700,71767.75
1701,71022.09
1702,69360.53
1703,66689.45
1704,62982.15
1705,59793.906
1706,57257.75
1707,55174.477
1708,53621.117
1709,52719.086
1710,52230.375
1711,52082.914
1712,51961.68
1713,52008.258
1714,52412.28
1715,52838.93
1716,53067.07
1717,53244.46
1718,53872.227
1719,54788.22
1720,56253.145
1721,57968.96
1722,59884.992
1723,61617.45
1724,62775.01
1725,62387.477
1726,60783.676
1727,58681.586
1728,56655.26
1729,53069.95
1730,51186.586
1731,50476.125
1732,49932.477
1733,50211.707
1734,51484.875
1735,53785.05
1736,57210.0
1737,62831.45
1738,65202.617
1739,63967.367
1740,62392.9
1741,63583.47
1742,65139.918
1743,67287.19
1744,69687.266
1745,70982.45
1746,71616.67
1747,71109.85
1748,70080.484
1749,68556.414
1750,66341.016
1751,63629.2
1752,61200.074
1753,58255.305
1754,56047.52
1755,54787.22
1756,54374.75
1757,54615.27
1758,55522.74
1759,57297.195
1760,61072.562
1761,66373.625
1762,68441.8
1763,67031.09
1764,66250.57
1765,67857.195
1766,70266.38
1767,72670.36
1768,74949.75
1769,76507.05
1770,76798.39
1771,76365.58
1772,75255.92
1773,73276.07
1774,70352.11
1775,67072.29
1776,63772.9
1777,60416.85
1778,57806.74
1779,56368.49
1780,55876.492
1781,56131.2
1782,56849.832
1783,58298.664
1784,62108.414
1785,68124.914
1786,72493.03
1787,72706.81
1788,72503.45
1789,74077.2
1790,76416.38
1791,78501.11
1792,80600.28
1793,81983.89
1794,82521.19
1795,82492.71
1796,82094.164
1797,80748.766
1798,77166.734
1799,72974.484
1800,68884.87
1801,65278.668
1802,61876.21
1803,59515.78
1804,58132.113
1805,57664.54
1806,57819.74
1807,58685.26
1808,60924.47
1809,65366.656
1810,71062.25
1811,73612.42
1812,74564.23
1813,76135.414
1814,77975.36
1815,80115.86
1816,81876.14
1817,82766.586
1818,83072.414
1819,82815.914
1820,82109.58
1821,80862.164
1822,78160.164
1823,73830.42
1824,69169.17
1825,64561.355
1826,60565.793
1827,58309.21
1828,57141.227
1829,56880.914
1830,57559.055
1831,59595.645
1832,63708.094
1833,69443.02
1834,72622.055
1835,73044.56
1836,73304.54
1837,75006.27
1838,77528.19
1839,79879.83
1840,81986.71
1841,83069.016
1842,83194.67
1843,82725.914
1844,82136.234
1845,80897.19
1846,78170.08
1847,74064.805
1848,69874.0
1849,64339.656
1850,60938.5
1851,58730.742
1852,57635.945
1853,57398.586
1854,57976.773
1855,59580.8
1856,61819.1
1857,64427.438
1858,66798.87
1859,68522.67
1860,69294.45
1861,69105.21
1862,68468.11
1863,67611.03
1864,66654.92
1865,65837.03
1866,65253.75
1867,64718.93
1868,63996.094
1869,63164.305
1870,62581.688
1871,61946.105
1872,61026.883
1873,61581.367
1874,62073.4
1875,62344.414
1876,62398.07
1877,62258.895
1878,61904.426
1879,61327.543
1880,60727.156
1881,60103.758
1882,59623.707
1883,59624.24
1884,60195.086
1885,61279.05
1886,62723.96
1887,64358.625
1888,66131.69
1889,68116.62
1890,69972.375
1891,71557.01
1892,72201.45
1893,71655.984
1894,70018.234
1895,67725.29
1896,64873.74
1897,59937.77
1898,56843.832
1899,55115.4
1900,54252.918
1901,54166.21
1902,55278.15
1903,58048.52
1904,64314.523
1905,71708.17
1906,76321.445
1907,78025.766
1908,78221.01
1909,78181.18
1910,79045.54
1911,80576.945
1912,81987.45
1913,82632.78
1914,82772.19
1915,81965.36
1916,80202.375
1917,77195.734
1918,72807.11
1919,68213.66
1920,64283.73
1921,61265.875
1922,59317.117
1923,58012.074
1924,57385.55
1925,57413.594
1926,58287.47
1927,60444.176
1928,63850.707
1929,67681.67
1930,68585.914
1931,66606.11
1932,65752.21
1933,67009.74
1934,68995.25
1935,70809.62
1936,72554.47
1937,73536.95
1938,73585.664
1939,73144.586
1940,72080.2
1941,70407.586
1942,68232.48
1943,65400.906
1944,62069.523
1945,59006.45
1946,56808.164
1947,55464.2
1948,55052.613
1949,55249.98
1950,56025.48
1951,57997.332
1952,62218.855
1953,67152.625
1954,68888.01
1955,66967.98
1956,65883.97
1957,67590.016
1958,69974.516
1959,71746.38
1960,73675.75
1961,74681.6
1962,74886.03
1963,74438.95
1964,73469.04
1965,72010.83
1966,69407.766
1967,66331.03
1968,63212.01
1969,60181.113
1970,57668.836
1971,56148.113
1972,55517.22
1973,55649.582
1974,56281.855
1975,57456.613
1976,60408.176
1977,65731.19
1978,70900.75
1979,71865.91
1980,71701.19
1981,72912.41
1982,75016.266
1983,77062.4
1984,78765.58
1985,79734.984
1986,79959.2
1987,79515.36
1988,78762.94
1989,77283.39
1990,74406.734
1991,70539.664
1992,66726.77
1993,62846.844
1994,59751.793
1995,57829.74
1996,56821.832
1997,56556.78
1998,56927.51
1999,58135.355
2000,61620.77
2001,66896.89
2002,71198.586
2003,71173.28
2004,70251.76
2005,71573.67
2006,73843.51
2007,75852.67
2008,77393.734
2009,78417.56
2010,78655.41
2011,78282.03
2012,77635.734
2013,75754.69
2014,72567.984
2015,68660.77
2016,65000.914
2017,60827.77
2018,58233.125
2019,56448.258
2020,55601.977
2021,55506.375
2022,55764.07
2023,56582.293
2024,57853.65
2025,59484.562
2026,61123.625
2027,62894.613
2028,65114.637
2029,67241.52
2030,69203.664
2031,70514.3
2032,72089.15
2033,73717.13
2034,75001.54
2035,75456.13
2036,75064.13
2037,72932.83
2038,69608.92
2039,65839.81
2040,62191.27
2041,59399.867
2042,57389.46
2043,55868.82
2044,55013.574
2045,55032.773
2046,56046.445
2047,58299.523
2048,61588.7
2049,64487.887
2050,65593.21
2051,65644.875
2052,65373.617
2053,65100.137
2054,64767.805
2055,64407.887
2056,64251.03
2057,64283.164
2058,64460.68
2059,64959.945
2060,65959.914
2061,66963.21
2062,67476.2
2063,67296.875
2064,66489.81
2065,62707.03
2066,58130.82
2067,55587.523
2068,54381.926
2069,54063.457
2070,54933.26
2071,57453.383
2072,62860.48
2073,70563.67
2074,75521.33
2075,76750.63
2076,76821.305
2077,77474.445
2078,79172.9
2079,81329.33
2080,83195.555
2081,84473.71
2082,85003.58
2083,84875.664
2084,83946.086
2085,81936.98
2086,78328.836
2087,73758.76
2088,70361.87
2089,67088.664
2090,63886.676
2091,61357.824
2092,59862.562
2093,59173.76
2094,59253.98
2095,60762.15
2096,64225.793
2097,70557.42
2098,76428.61
2099,79232.66
2100,80048.984
2101,80203.17
2102,80244.28
2103,80349.52
2104,80473.266
2105,80573.57
2106,80648.93
2107,80710.55
2108,80742.43
2109,80235.72
2110,79051.54
2111,77371.734
2112,75344.77
2113,73014.54
2114,70472.75
2115,67873.41
2116,65746.39
2117,63870.45
2118,62528.492
2119,61730.926
2120,61531.824
2121,61999.355
2122,63290.805
2123,66069.67
2124,70112.414
2125,73933.375
2126,76500.42
2127,78231.7
2128,79787.055
2129,81195.76
2130,82339.43
2131,83029.5
2132,82990.836
2133,81722.09
2134,79007.55
2135,75072.555
2136,70666.09
2137,66966.08
2138,63655.35
2139,61376.47
2140,60009.45
2141,59371.117
2142,59357.332
2143,60357.117
2144,62857.043
2145,68156.69
2146,74709.47
2147,77924.836
2148,78816.33
2149,79648.414
2150,81058.49
2151,82573.8
2152,83929.65
2153,84869.21
2154,85492.734
2155,85636.41
2156,85151.95
2157,83593.016
2158,80973.336
2159,77717.336
2160,74359.09
2161,71143.734
2162,68305.61
2163,65551.42
2164,63090.05
2165,61363.938
2166,60470.676
2167,60347.68
2168,61187.54
2169,63583.6
2170,68417.31
2171,74133.766
2172,77595.8
2173,78985.83
2174,79655.65
2175,80373.72
2176,81318.516
2177,82282.766
2178,83119.64
2179,83658.02
2180,83793.195
2181,83263.42
2182,81674.61
2183,78660.57
2184,74203.234
2185,67153.65
2186,63112.5
2187,60613.1
2188,59113.54
2189,58418.336
2190,58335.15
2191,58934.79
2192,60471.3
2193,62854.01
2194,65974.414
2195,68726.66
2196,70387.67
2197,71477.92
2198,72572.46
2199,73688.36
2200,74658.69
2201,75598.766
2202,76366.8
2203,76839.16
2204,76794.875
2205,76107.94
2206,74888.6
2207,72769.016
2208,69358.555
2209,66779.66
2210,64129.008
2211,61633.04
2212,59591.5
2213,58317.5
2214,57558.086
2215,57441.258
2216,58052.062
2217,59325.605
2218,61055.074
2219,62834.707
2220,64546.887
2221,65742.52
2222,66735.67
2223,67728.19
2224,68741.7
2225,69733.516
2226,70497.81
2227,71118.75
2228,71481.41
2229,71412.83
2230,70842.516
2231,69679.375
2232,67940.516
2233,63648.562
2234,59246.324
2235,57058.6
2236,56012.3
2237,55905.562
2238,56979.99
2239,59997.6
2240,66203.016
2241,73192.54
2242,77789.85
2243,79721.74
2244,80231.63
2245,80186.84
2246,80297.516
2247,80548.836
2248,80739.88
2249,80696.625
2250,80382.85
2251,79778.33
2252,78743.52
2253,76925.27
2254,73876.625
2255,69502.516
2256,72217.25
2257,69794.68
2258,67495.89
2259,65488.227
2260,64205.52
2261,63648.375
2262,63621.98
2263,64075.043
2264,65080.688
2265,66778.234
2266,69082.2
2267,72056.61
2268,74881.875
2269,77294.28
2270,78929.39
2271,79980.17
2272,80546.69
2273,80744.516
2274,80622.2
2275,79990.38
2276,78649.64
2277,76402.95
2278,72848.89
2279,68315.06
2280,64680.07
2281,62251.367
2282,61000.617
2283,60540.008
2284,60723.387
2285,61479.45
2286,62824.613
2287,65082.805
2288,68465.7
2289,72487.79
2290,75834.66
2291,77737.03
2292,78801.336
2293,79535.06
2294,80165.05
2295,80881.99
2296,81748.375
2297,82454.39
2298,82831.086
2299,82613.94
2300,81473.91
2301,79272.734
2302,76027.15
2303,72127.17
2304,68614.016
2305,65304.324
2306,62446.926
2307,60474.85
2308,59429.176
2309,58963.96
2310,59238.824
2311,60731.82
2312,63700.133
2313,68945.93
2314,74686.28
2315,77947.22
2316,79035.79
2317,79509.98
2318,80101.39
2319,80899.36
2320,81721.016
2321,82382.484
2322,82736.05
2323,82676.45
2324,81858.266
2325,79981.22
2326,76792.6
2327,72528.734
2328,68457.94
2329,64811.54
2330,61857.48
2331,59974.992
2332,58920.758
2333,58469.344
2334,58791.086
2335,60437.492
2336,63719.2
2337,69411.33
2338,75218.89
2339,77855.97
2340,78549.766
2341,79060.58
2342,79960.61
2343,81144.62
2344,82298.21
2345,83331.516
2346,84023.984
2347,84251.89
2348,83636.266
2349,81632.38
2350,78314.96
2351,74408.51
2352,70620.09
2353,65764.234
2354,62700.43
2355,60409.918
2356,58790.73
2357,57951.195
2358,57622.35
2359,57917.47
2360,59167.6
2361,61494.305
2362,64435.45
2363,67092.14
2364,68678.82
2365,69697.72
2366,70825.61
2367,71944.766
2368,72901.21
2369,74023.48
2370,75216.36
2371,76343.625
2372,76858.42
2373,76121.46
2374,74180.01
2375,71109.69
2376,67136.234
2377,63835.28
2378,60972.57
2379,58804.633
2380,57306.562
2381,56279.688
2382,55822.445
2383,56134.117
2384,57142.25
2385,59114.344
2386,61828.656
2387,64434.75
2388,66433.83
2389,67975.65
2390,69315.266
2391,70578.51
2392,71742.17
2393,72692.69
2394,73386.97
2395,74006.016
2396,74304.18
2397,74051.47
2398,72807.17
2399,70579.38
2400,67734.22
2401,62793.656
2402,58741.75
2403,57079.074
2404,56170.836
2405,55969.52
2406,56991.176
2407,60246.695
2408,67012.08
2409,74168.875
2410,78488.47
2411,80200.12
2412,80866.914
2413,81712.2
2414,82933.234
2415,84097.3
2416,84883.484
2417,85249.98
2418,85151.766
2419,84637.09
2420,83671.9
2421,82064.33
2422,79264.92
2423,75364.84
2424,71090.734
2425,68037.74
2426,65245.312
2427,63060.395
2428,61696.895
2429,61104.29
2430,61353.906
2431,62813.77
2432,66205.53
2433,71889.81
2434,76830.87
2435,79475.414
2436,80737.51
2437,81517.1
2438,82204.92
2439,82790.766
2440,83080.69
2441,83037.8
2442,82618.055
2443,81632.69
2444,79609.59
2445,76025.51
2446,70979.19
2447,66513.055
2448,63172.523
2449,61300.543
2450,60445.832
2451,60358.117
2452,61020.082
2453,62553.477
2454,65716.04
2455,70722.49
2456,75744.21
2457,78600.766
2458,79958.086
2459,80625.83
2460,81029.46
2461,81405.61
2462,81862.5
2463,82397.45
2464,82913.266
2465,83247.91
2466,83126.984
2467,82210.484
2468,80540.984
2469,78275.875
2470,75668.234
2471,73130.97
2472,70896.914
2473,68817.6
2474,66861.98
2475,65175.793
2476,64073.668
2477,63441.125
2478,63348.645
2479,63875.914
2480,65242.938
2481,67788.49
2482,71036.04
2483,73971.61
2484,75805.16
2485,76492.016
2486,76387.95
2487,75772.24
2488,75109.14
2489,74387.88
2490,73886.36
2491,73880.64
2492,74357.88
2493,74845.43
2494,75011.21
2495,74769.3
2496,74234.67
2497,73361.836
2498,71765.0
2499,69598.33
2500,66772.52
2501,64548.51
2502,63419.6
2503,63001.836
2504,63269.74
2505,64417.0
2506,66765.75
2507,70576.03
2508,74919.06
2509,78190.15
2510,80075.17
2511,81207.195
2512,81996.484
2513,82683.14
2514,83282.46
2515,83553.44
2516,83149.51
2517,81582.55
2518,78772.67
2519,75005.64
2520,71161.21
2521,65957.18
2522,62966.805
2523,60879.9
2524,59414.605
2525,58705.633
2526,58469.117
2527,58800.35
2528,60124.945
2529,62286.98
2530,65322.477
2531,68489.14
2532,70507.79
2533,71517.39
2534,72004.586
2535,72420.79
2536,72971.79
2537,73872.61
2538,74977.21
2539,76036.734
2540,76789.99
2541,76597.7
2542,75714.33
2543,74022.27
2544,71500.59
2545,69564.766
2546,67684.38
2547,65585.05
2548,63425.65
2549,61473.695
2550,59990.555
2551,58942.367
2552,58176.945
2553,57954.324
2554,58474.008
2555,60078.04
2556,62676.867
2557,65727.4
2558,68458.375
2559,70597.91
2560,72286.94
2561,73750.055
2562,74999.53
2563,76069.14
2564,76929.65
2565,77164.95
2566,76490.516
2567,74980.17
2568,72757.88
2569,68393.33
2570,63778.23
2571,60857.832
2572,59137.168
2573,58426.543
2574,58815.574
2575,60990.613
2576,66628.016
2577,73895.55
2578,79391.06
2579,82257.984
2580,83170.15
2581,83388.89
2582,83681.14
2583,84211.805
2584,84748.68
2585,85068.586
2586,85041.73
2587,84637.16
2588,83900.53
2589,82478.35
2590,80032.58
2591,76524.266
2592,73547.09
2593,71521.11
2594,69824.63
2595,68356.75
2596,67237.63
2597,66571.6
2598,66436.72
2599,66932.016
2600,68045.234
2601,69837.74
2602,72189.71
2603,74688.33
2604,76889.52
2605,78360.91
2606,79272.54
2607,79956.43
2608,80406.3
2609,80495.484
2610,80230.11
2611,79737.04
2612,78921.67
2613,77684.46
2614,75873.07
2615,73373.67
2616,70718.8
2617,68740.98
2618,67054.414
2619,65718.89
2620,64720.633
2621,64174.29
2622,64143.883
2623,64670.914
2624,65950.53
2625,68206.24
2626,71382.2
2627,75186.58
2628,78443.77
2629,80490.94
2630,81835.17
2631,82853.48
2632,83699.97
2633,84385.09
2634,84751.24
2635,84527.5
2636,83321.41
2637,81294.47
2638,78606.59
2639,75561.77
2640,72484.92
2641,69747.14
2642,67292.73
2643,65250.15
2644,63631.23
2645,62582.836
2646,62251.68
2647,62752.156
2648,64581.133
2649,69009.914
2650,75227.3
2651,79416.11
2652,81333.516
2653,82489.484
2654,83581.46
2655,84609.65
2656,85402.77
2657,85999.04
2658,86185.74
2659,85608.98
2660,83819.36
2661,81104.83
2662,78078.06
2663,75042.805
2664,72020.47
2665,69290.414
2666,66863.81
2667,64832.742
2668,63240.957
2669,62414.977
2670,62456.43
2671,63618.65
2672,66824.61
2673,72664.055
2674,77931.734
2675,80720.8
2676,81978.58
2677,82983.84
2678,83971.22
2679,84879.34
2680,85463.9
2681,85711.74
2682,85303.08
2683,83910.61
2684,81415.29
2685,78453.39
2686,75301.51
2687,72310.61
2688,69746.58
2689,65778.55
2690,63944.55
2691,62619.258
2692,61664.145
2693,61717.617
2694,62233.49
2695,63830.24
2696,66465.92
2697,69093.95
2698,71186.17
2699,72811.67
2700,74003.84
2701,75089.26
2702,76153.664
2703,77058.836
2704,77569.08
2705,77880.61
2706,78071.11
2707,78056.445
2708,77531.586
2709,76318.29
2710,74638.69
2711,72230.28
2712,69047.79
2713,66904.305
2714,64951.895
2715,63430.633
2716,62415.7
2717,61948.65
2718,62205.176
2719,63199.242
2720,64574.414
2721,65827.664
2722,67329.66
2723,69068.67
2724,70939.71
2725,72455.42
2726,73835.945
2727,75217.2
2728,76576.67
2729,77756.95
2730,78565.305
2731,78941.12
2732,78623.234
2733,77525.516
2734,75575.51
2735,73032.8
2736,70314.26
2737,65407.793
2738,61421.54
2739,59582.25
2740,58411.586
2741,58202.1
2742,59478.773
2743,63328.07
2744,70293.44
2745,76772.914
2746,80931.05
2747,82869.26
2748,83553.4
2749,83729.266
2750,83952.99
2751,84456.0
2752,85036.445
2753,85434.36
2754,85463.71
2755,85054.98
2756,84240.305
2757,82656.18
2758,79729.29
2759,75589.2
2760,72029.92
2761,69661.875
2762,67617.65
2763,65939.914
2764,64733.68
2765,64100.113
2766,64130.023
2767,65018.383
2768,67105.67
2769,70939.914
2770,75345.336
2771,78768.46
2772,80799.984
2773,81975.5
2774,82835.58
2775,83578.695
2776,84259.45
2777,84831.61
2778,85161.484
2779,85142.98
2780,84419.56
2781,82613.23
2782,79792.88
2783,76605.4
2784,73567.25
2785,70772.58
2786,68247.08
2787,66047.89
2788,64311.375
2789,63158.332
2790,62784.79
2791,63349.54
2792,65347.28
2793,69804.76
2794,75515.48
2795,79611.234
2796,81640.11
2797,82771.43
2798,83738.95
2799,84645.016
2800,85436.66
2801,86052.73
2802,86419.74
2803,86288.78
2804,85197.766
2805,82958.875
2806,79965.4
2807,76932.23
2808,74051.414
2809,71289.46
2810,68919.06
2811,66862.086
2812,65244.48
2813,64184.727
2814,63946.414
2815,64724.05
2816,67071.42
2817,71839.12
2818,76942.766
2819,80434.8
2820,82188.18
2821,83189.14
2822,83995.984
2823,84734.95
2824,85350.92
2825,85848.52
2826,86105.5
2827,85926.875
2828,84969.67
2829,82998.64
2830,80227.99
2831,77405.58
2832,74782.414
2833,72288.41
2834,70187.875
2835,68292.69
2836,66712.016
2837,65641.45
2838,65209.117
2839,65656.5
2840,67400.375
2841,71127.08
2842,75798.484
2843,79490.52
2844,81741.63
2845,83020.6
2846,83934.95
2847,84672.77
2848,85284.06
2849,85757.54
2850,85964.46
2851,85693.26
2852,84589.234
2853,82562.79
2854,79991.516
2855,77343.805
2856,74759.77
2857,69849.54
2858,67299.516
2859,65349.676
2860,63411.03
2861,62486.945
2862,62000.164
2863,62329.855
2864,63676.742
2865,65860.7
2866,68767.93
2867,71656.77
2868,73874.39
2869,75589.13
2870,76761.52
2871,77644.39
2872,78400.125
2873,79090.61
2874,79877.3
2875,80664.64
2876,81136.58
2877,80466.77
2878,78568.89
2879,75659.54
2880,72140.23
2881,69323.234
2882,66550.23
2883,64062.21
2884,62051.676
2885,60529.094
2886,59526.52
2887,59341.438
2888,60055.918
2889,61696.926
2890,64095.8
2891,67478.96
2892,70551.8
2893,72892.81
2894,74686.484
2895,76109.625
2896,77612.086
2897,78923.84
2898,80286.56
2899,81031.67
2900,81012.4
2901,79847.75
2902,77782.73
2903,75210.78
2904,72457.016
2905,67790.34
2906,63751.293
2907,61273.676
2908,59647.74
2909,59104.832
2910,59963.293
2911,63059.45
2912,69688.22
2913,76181.734
2914,80311.19
2915,82470.81
2916,83614.03
2917,84320.26
2918,85143.83
2919,85994.516
2920,86603.45
2921,86837.17
2922,86501.85
2923,85378.02
2924,83571.3
2925,80894.11
2926,77105.54
2927,72613.4
2928,68525.17
2929,65848.21
2930,63756.086
2931,62342.242
2932,61771.477
2933,62001.375
2934,63343.906
2935,66700.71
2936,72396.76
2937,77357.59
2938,79936.7
2939,81017.61
2940,81630.9
2941,82212.05
2942,83019.19
2943,83985.734
2944,84948.664
2945,85812.65
2946,86470.54
2947,86532.09
2948,85648.55
2949,83660.47
2950,80762.73
2951,77449.28
2952,74301.86
2953,71333.23
2954,68622.5
2955,66206.875
2956,64267.25
2957,62823.43
2958,62212.543
2959,62525.113
2960,64253.53
2961,68664.05
2962,75050.86
2963,79520.2
2964,81500.61
2965,82591.31
2966,83511.516
2967,84445.23
2968,85440.36
2969,86307.85
2970,86886.39
2971,86843.13
2972,85710.28
2973,83319.44
2974,80103.555
2975,76779.67
2976,73562.2
2977,70545.2
2978,67976.36
2979,65708.02
2980,63882.086
2981,62659.2
2982,62313.273
2983,62897.426
2984,65023.492
2985,69742.13
2986,75654.32
2987,79737.83
2988,81434.2
2989,82349.016
2990,83215.086
2991,83959.766
2992,84518.54
2993,84862.13
2994,85039.33
2995,84805.44
2996,83784.25
2997,81502.125
2998,78441.016
2999,75051.97
3000,71666.1
3001,68702.25
3002,66153.44
3003,64112.125
3004,62546.74
3005,61692.395
3006,61546.22
3007,62260.24
3008,64527.05
3009,69232.01
3010,75181.35
3011,78766.7
3012,80319.33
3013,81223.2
3014,82347.03
3015,83656.69
3016,84945.61
3017,86035.04
3018,86883.03
3019,87218.266
3020,86325.36
3021,83984.07
3022,80606.71
3023,76977.445
3024,73523.7
3025,68208.35
3026,65285.707
3027,62920.375
3028,61010.344
3029,60160.043
3030,59889.508
3031,60327.55
3032,61997.82
3033,64786.508
3034,68214.625
3035,71027.5
3036,72934.95
3037,74319.05
3038,75321.11
3039,76314.81
3040,77385.25
3041,78470.04
3042,79501.52
3043,80277.64
3044,80344.6
3045,79308.97
3046,77411.42
3047,74623.95
3048,71117.64
3049,68072.77
3050,64943.836
3051,62134.168
3052,60094.477
3053,58812.72
3054,58300.707
3055,58675.082
3056,60233.367
3057,62502.613
3058,65406.2
3059,68572.41
3060,70866.89
3061,72797.11
3062,74270.27
3063,75541.33
3064,76729.33
3065,77956.17
3066,79110.805
3067,79965.516
3068,80223.375
3069,79499.51
3070,77606.59
3071,74984.01
3072,72021.17
3073,66991.29
3074,62648.227
3075,60351.324
3076,58768.95
3077,58275.52
3078,58939.918
3079,61927.79
3080,68709.06
3081,75575.58
3082,79920.7
3083,82163.49
3084,83308.8
3085,84090.58
3086,84942.234
3087,85982.195
3088,86965.8
3089,87805.63
3090,88225.65
3091,88109.625
3092,87324.984
3093,85432.47
3094,82059.39
3095,78238.47
3096,74816.13
3097,71750.37
3098,69035.95
3099,66731.76
3100,64891.387
3101,63652.75
3102,63324.676
3103,64092.438
3104,66450.164
3105,71341.734
3106,76861.1
3107,80419.46
3108,81903.81
3109,82850.08
3110,83851.47
3111,84984.695
3112,86063.05
3113,86968.12
3114,87657.766
3115,87687.625
3116,86467.59
3117,83926.484
3118,80686.195
3119,77292.79
3120,73983.64
3121,70779.64
3122,67959.95
3123,65619.24
3124,63812.35
3125,62698.824
3126,62505.46
3127,63455.605
3128,66369.19
3129,72203.4
3130,77900.45
3131,80757.11
3132,81835.016
3133,82729.85
3134,83866.375
3135,85097.09
3136,86075.77
3137,86948.2
3138,87473.86
3139,87342.97
3140,85894.19
3141,82967.81
3142,79407.88
3143,75808.484
3144,72454.39
3145,66534.266
3146,63052.02
3147,60704.85
3148,59391.977
3149,59620.6
3150,60569.3
3151,62788.22
3152,65664.2
3153,68501.63
3154,70924.016
3155,72728.77
3156,74003.25
3157,75186.27
3158,76189.125
3159,77202.98
3160,78047.92
3161,78959.016
3162,80042.64
3163,80535.266
3164,80123.65
3165,78341.75
3166,75262.19
3167,72003.11
3168,68706.266
3169,64326.97
3170,60503.414
3171,59225.344
3172,58029.8
3173,57893.01
3174,60322.24
3175,65497.72
3176,72328.3
3177,76949.37
3178,79815.39
3179,81448.89
3180,82431.42
3181,83375.914
3182,84531.414
3183,85645.305
3184,86470.11
3185,86948.95
3186,86974.234
3187,86427.234
3188,85141.81
3189,82806.555
3190,79314.07
3191,75207.56
3192,71470.89
3193,66705.984
3194,64171.074
3195,62266.508
3196,60879.656
3197,60483.977
3198,60657.43
3199,61855.29
3200,64215.242
3201,67208.5
3202,69822.125
3203,71684.38
3204,73131.36
3205,74414.82
3206,75539.266
3207,76592.12
3208,77469.3
3209,78483.19
3210,79473.56
3211,79931.92
3212,79596.664
3213,77976.24
3214,75545.06
3215,72473.1
3216,68744.63
3217,65541.96
3218,62506.77
3219,60240.883
3220,58673.03
3221,57792.668
3222,57602.68
3223,58558.242
3224,60962.613
3225,63720.082
3226,66345.61
3227,68580.36
3228,70445.65
3229,72046.96
3230,73449.016
3231,74821.57
3232,76264.77
3233,77656.484
3234,78643.44
3235,79227.69
3236,79089.11
3237,77876.29
3238,75625.23
3239,72826.05
3240,69750.51
3241,64487.65
3242,60214.51
3243,58349.875
3244,57308.875
3245,57053.633
3246,58090.855
3247,61500.387
3248,68843.94
3249,76008.45
3250,80140.59
3251,81947.73
3252,82774.4
3253,83566.79
3254,84694.4
3255,85921.67
3256,87031.79
3257,87887.64
3258,88319.016
3259,88131.37
3260,87182.89
3261,84870.19
3262,81157.61
3263,77213.22
3264,73656.734
3265,70704.92
3266,68104.94
3267,65946.7
3268,64346.688
3269,63470.758
3270,63634.51
3271,65120.625
3272,68859.375
3273,74849.055
3274,79636.14
3275,81903.734
3276,82982.89
3277,83928.45
3278,84847.77
3279,85719.984
3280,86426.96
3281,86834.45
3282,86741.49
3283,85818.75
3284,83992.36
3285,81456.85
3286,78694.836
3287,76071.94
3288,73648.39
3289,71586.05
3290,69991.016
3291,68555.44
3292,67467.06
3293,66904.61
3294,67132.83
3295,68397.68
3296,70517.84
3297,73153.85
3298,75577.5
3299,77468.2
3300,78816.83
3301,79858.45
3302,80574.836
3303,81133.76
3304,81649.75
3305,82201.48
3306,82728.86
3307,83143.055
3308,83315.055
3309,83028.74
3310,81974.89
3311,80189.45
3312,77880.17
3313,75215.086
3314,72568.25
3315,70519.67
3316,68883.34
3317,67565.664
3318,66620.484
3319,66098.39
3320,66259.64
3321,67429.47
3322,69958.516
3323,73442.76
3324,76890.54
3325,79679.555
3326,81674.484
3327,82901.47
3328,83512.734
3329,83622.586
3330,83160.875
3331,81977.445
3332,80102.625
3333,77528.016
3334,74443.945
3335,71550.69
3336,69183.11
3337,67201.68
3338,65621.516
3339,64425.395
3340,63719.73
3341,63572.49
3342,64073.312
3343,65537.55
3344,68283.19
3345,71544.08
3346,75059.61
3347,77759.11
3348,79420.734
3349,80383.95
3350,81280.68
3351,82441.516
3352,83687.9
3353,84794.17
3354,85646.36
3355,85943.44
3356,85279.484
3357,83190.11
3358,79958.05
3359,76237.195
3360,72617.89
3361,67355.945
3362,64430.24
3363,62186.883
3364,60509.75
3365,59754.74
3366,59552.35
3367,60053.98
3368,61771.0
3369,64626.68
3370,67885.71
3371,70430.75
3372,71932.09
3373,73215.69
3374,74332.08
3375,75446.42
3376,76303.92
3377,77185.33
3378,78232.59
3379,79155.48
3380,79457.31
3381,78628.98
3382,76760.27
3383,73894.01
3384,70221.08
3385,67148.35
3386,63968.492
3387,61135.695
3388,59127.25
3389,57922.207
3390,57231.387
3391,57256.05
3392,58325.637
3393,60502.992
3394,63053.57
3395,65739.92
3396,68004.086
3397,69927.1
3398,71544.87
3399,73007.19
3400,74596.02
3401,76129.35
3402,77461.43
3403,78550.48
3404,79010.984
3405,78215.45
3406,76147.19
3407,73432.84
3408,70368.94
3409,65186.875
3410,60736.863
3411,58425.938
3412,57259.906
3413,56868.414
3414,57594.3
3415,60366.46
3416,66999.14
3417,74396.7
3418,79277.38
3419,81297.016
3420,81888.31
3421,82244.72
3422,83088.63
3423,84321.15
3424,85480.08
3425,86200.06
3426,86377.125
3427,85917.77
3428,84780.234
3429,82903.1
3430,79871.83
3431,75820.39
3432,72089.74
3433,69046.55
3434,66332.6
3435,64142.055
3436,62537.28
3437,61681.645
3438,61633.344
3439,62590.406
3440,65293.8
3441,70449.92
3442,76134.9
3443,79309.8
3444,80674.836
3445,81350.67
3446,81905.44
3447,82424.984
3448,82948.64
3449,83332.02
3450,83620.58
3451,83621.73
3452,83031.59
3453,81356.1
3454,78483.695
3455,74613.67
3456,70801.67
3457,67579.94
3458,64831.79
3459,62728.812
3460,61310.54
3461,60525.062
3462,60379.914
3463,61023.48
3464,62746.7
3465,66658.61
3466,72460.26
3467,76428.914
3468,78261.08
3469,79709.39
3470,81551.27
3471,83329.086
3472,84932.48
3473,86090.62
3474,86747.84
3475,86824.336
3476,86172.75
3477,84237.3
3478,81066.266
3479,77515.36
3480,73881.695
3481,70496.72
3482,67367.68
3483,64430.844
3484,62305.508
3485,61167.824
3486,60934.82
3487,61773.633
3488,64177.523
3489,69460.23
3490,75615.414
3491,79091.67
3492,80592.586
3493,81779.234
3494,83174.08
3495,84538.68
3496,85842.67
3497,86778.0
3498,87388.58
3499,87367.734
3500,86619.89
3501,84818.766
3502,81736.516
3503,78078.44
3504,74008.04
3505,70216.52
3506,66763.22
3507,63805.695
3508,61831.344
3509,60840.03
3510,60804.71
3511,61991.7
3512,65135.45
3513,71343.19
3514,76937.93
3515,79546.336
3516,80479.23
3517,81540.19
3518,82944.516
3519,84426.95
3520,85775.61
3521,86816.86
3522,87469.67
3523,87577.016
3524,86777.234
3525,84426.69
3526,80474.28
3527,76279.85
3528,71952.94
3529,66398.055
3530,63110.188
3531,60817.01
3532,59377.832
3533,58753.258
3534,58654.617
3535,59243.305
3536,60873.168
3537,63031.05
3538,65320.363
3539,67044.375
3540,68121.05
3541,69317.12
3542,70490.42
3543,71647.414
3544,72523.58
3545,73693.53
3546,75276.15
3547,76987.31
3548,77892.15
3549,77210.92
3550,74959.21
3551,71716.484
3552,67772.48
3553,63061.145
3554,59028.23
3555,56112.574
3556,54378.305
3557,53116.4
3558,52752.855
3559,53382.086
3560,54672.2
3561,56743.637
3562,59076.95
3563,61045.43
3564,62195.188
3565,62938.55
3566,63701.445
3567,64923.113
3568,66259.36
3569,67486.516
3570,68794.61
3571,70145.49
3572,70011.234
3573,68308.84
3574,65714.83
3575,62999.176
3576,60344.117
3577,56835.15
3578,54751.02
3579,53489.21
3580,52769.836
3581,53355.836
3582,55114.97
3583,58647.55
3584,64907.23
3585,70717.33
3586,73679.24
3587,73961.914
3588,73296.41
3589,72882.766
3590,73465.32
3591,75299.63
3592,77266.72
3593,78754.914
3594,79652.77
3595,79905.64
3596,79463.34
3597,78094.69
3598,76137.2
3599,73678.5
3600,71937.984
3601,69011.89
3602,66249.64
3603,63314.0
3604,60807.594
3605,59505.926
3606,59347.586
3607,60463.508
3608,62940.414
3609,66827.88
3610,70809.664
3611,73641.43
3612,75680.85
3613,77313.13
3614,78810.3
3615,80046.95
3616,80852.35
3617,81282.73
3618,81076.414
3619,80223.79
3620,78564.6
3621,76183.31
3622,73351.47
3623,70687.18
3624,68132.77
3625,65296.117
3626,62659.695
3627,60879.78
3628,60064.57
3629,60499.062
3630,62273.605
3631,65435.49
3632,68990.875
3633,71582.164
3634,73196.516
3635,74215.8
3636,75273.64
3637,76751.01
3638,78587.78
3639,80484.61
3640,81801.58
3641,82406.53
3642,82514.92
3643,82209.58
3644,81043.19
3645,78688.69
3646,75118.81
3647,72006.46
3648,69104.36
3649,65922.18
3650,62514.258
3651,59956.043
3652,58722.305
3653,58864.75
3654,60764.676
3655,65059.78
3656,70483.77
3657,74667.125
3658,76664.586
3659,77454.6
3660,77902.18
3661,78907.08
3662,80113.57
3663,80897.08
3664,80852.13
3665,80512.39
3666,79950.8
3667,79094.09
3668,77235.56
3669,74736.266
3670,71931.28
3671,69121.29
3672,66584.66
3673,64259.008
3674,62532.355
3675,62289.668
3676,63645.9
3677,66538.875
3678,70646.2
3679,74634.266
3680,76894.35
3681,77535.69
3682,77616.984
3683,77707.74
3684,77970.21
3685,78111.29
3686,78256.79
3687,78168.33
3688,78126.375
3689,78038.25
3690,77905.266
3691,77440.11
3692,76515.53
3693,75047.39
3694,73115.63
3695,70946.3
3696,68657.73
3697,63522.906
3698,60204.49
3699,58107.863
3700,56942.21
3701,56410.773
3702,56503.418
3703,57093.52
3704,58059.742
3705,59202.77
3706,60456.0
3707,61805.03
3708,63091.832
3709,64199.523
3710,65378.25
3711,66803.99
3712,68274.55
3713,69721.67
3714,70868.39
3715,72141.45
3716,72779.1
3717,71662.52
3718,68953.88
3719,64359.227
3720,61380.445
3721,58769.367
3722,56737.637
3723,55059.96
3724,53726.52
3725,52907.418
3726,52601.75
3727,52771.977
3728,53308.586
3729,53902.555
3730,54587.65
3731,55682.242
3732,56931.74
3733,58554.668
3734,60569.47
3735,62574.586
3736,64663.625
3737,67245.57
3738,69943.45
3739,71892.55
3740,72592.28
3741,71323.62
3742,68411.73
3743,65105.23
3744,61938.7
3745,57861.074
3746,55592.23
3747,54272.344
3748,53433.85
3749,53894.586
3750,55529.21
3751,59133.082
3752,65810.71
3753,71740.14
3754,75512.64
3755,76559.47
3756,76616.87
3757,77152.64
3758,78791.4
3759,80768.164
3760,82314.055
3761,83567.92
3762,83994.59
3763,83060.086
3764,80947.27
3765,78185.91
3766,76057.9
3767,72873.58
3768,70809.69
3769,68237.984
3770,65722.18
3771,63730.85
3772,62329.426
3773,61971.8
3774,63011.805
3775,65873.305
3776,70014.31
3777,73894.93
3778,76578.03
3779,78137.65
3780,79064.36
3781,80198.88
3782,81589.27
3783,82791.58
3784,83454.445
3785,83746.27
3786,83608.54
3787,82981.234
3788,81414.8
3789,78929.57
3790,76570.1
3791,73754.8
3792,71238.72
3793,68634.59
3794,66074.086
3795,63912.04
3796,62265.53
3797,61608.54
3798,62380.6
3799,65155.836
3800,69394.88
3801,73549.94
3802,76494.234
3803,78160.58
3804,79199.64
3805,80328.95
3806,81838.27
3807,83101.05
3808,83789.98
3809,83619.35
3810,82671.7
3811,81110.79
3812,78805.016
3813,76488.984
3814,73726.11
3815,70859.8
3816,67917.63
3817,65173.656
3818,63038.51
3819,61756.242
3820,61934.47
3821,63949.73
3822,67704.234
3823,72377.24
3824,76161.516
3825,78046.8
3826,78604.61
3827,78681.734
3828,78724.234
3829,78896.58
3830,79265.2
3831,79749.19
3832,80187.375
3833,80319.25
3834,79942.91
3835,78978.836
3836,77583.81
3837,75821.42
3838,73600.58
3839,71276.51
3840,69104.516
3841,67183.7
3842,65653.4
3843,65078.195
3844,65774.04
3845,67395.3
3846,69702.484
3847,72390.15
3848,74779.08
3849,76375.61
3850,77296.484
3851,77835.38
3852,78187.234
3853,78662.69
3854,79355.305
3855,80330.91
3856,81200.01
3857,81586.984
3858,81113.3
3859,79942.94
3860,78285.55
3861,76280.92
3862,74014.375
3863,71598.89
3864,69080.586
3865,64004.293
3866,60873.586
3867,58834.555
3868,57775.812
3869,57459.773
3870,57917.227
3871,58941.008
3872,60286.82
3873,61950.273
3874,63618.273
3875,64882.656
3876,65945.33
3877,67057.266
3878,68350.875
3879,69443.195
3880,70887.1
3881,72467.41
3882,73431.984
3883,73886.26
3884,73788.43
3885,72748.7
3886,69984.59
3887,65373.227
3888,62503.645
3889,60282.24
3890,58165.99
3891,56556.49
3892,55412.367
3893,54759.664
3894,54626.25
3895,54980.99
3896,55683.074
3897,56690.094
3898,57729.145
3899,58774.637
3900,60273.758
3901,62579.137
3902,65401.664
3903,67641.875
3904,69669.8
3905,71507.766
3906,72457.67
3907,72956.56
3908,72632.695
3909,71050.734
3910,68247.0
3911,65109.957
3912,62205.21
3913,58053.55
3914,54657.273
3915,52253.85
3916,50910.594
3917,50175.3
3918,50274.832
3919,51280.32
3920,52088.035
3921,52050.75
3922,51775.492
3923,51571.29
3924,51514.02
3925,51780.938
3926,52636.918
3927,53706.414
3928,54635.03
3929,55664.523
3930,56773.926
3931,57865.5
3932,58709.395
3933,58731.043
3934,58186.477
3935,56723.73
3936,54924.523
3937,53534.426
3938,51903.824
3939,50389.152
3940,49262.445
3941,48578.9
3942,48263.19
3943,48198.406
3944,48326.82
3945,48543.03
3946,48690.574
3947,48965.24
3948,49515.414
3949,49968.06
3950,50540.492
3951,51480.24
3952,53209.562
3953,55522.04
3954,58057.207
3955,60451.543
3956,60867.72
3957,59836.508
3958,58116.35
3959,56108.324
3960,54218.77
3961,52542.855
3962,51165.6
3963,50190.086
3964,49514.285
3965,49069.176
3966,48899.008
3967,49021.797
3968,49504.793
3969,49844.19
3970,50038.66
3971,50436.223
3972,50785.477
3973,51300.875
3974,52096.88
3975,53189.926
3976,54830.656
3977,56968.97
3978,59537.562
3979,60581.355
3980,60428.54
3981,59021.85
3982,57123.105
3983,55069.45
3984,53311.15
3985,52022.92
3986,51023.67
3987,50361.21
3988,50160.4
3989,50635.504
3990,52523.906
3991,55778.105
3992,62369.938
3993,71360.65
3994,76639.59
3995,78559.83
3996,78579.57
3997,78024.164
3998,78541.414
3999,80013.58
4000,81432.8
4001,82612.53
4002,83313.27
4003,83069.61
4004,81303.266
4005,78336.52
4006,75060.85
4007,73257.3
4008,72036.555
4009,69473.3
4010,67232.01
4011,65547.99
4012,64491.57
4013,64318.426
4014,65429.062
4015,67914.77
4016,71501.94
4017,75004.234
4018,77442.52
4019,78674.664
4020,79233.63
4021,79530.125
4022,79647.016
4023,79694.36
4024,79687.7
4025,79581.664
4026,79338.734
4027,78836.43
4028,77964.22
4029,76693.586
4030,74705.83
4031,71914.516
4032,68563.22
4033,62527.85
4034,58946.195
4035,57048.29
4036,56132.99
4037,55595.168
4038,55579.613
4039,55964.48
4040,56537.242
4041,57227.46
4042,57845.49
4043,58311.7
4044,58596.758
4045,58638.812
4046,58863.76
4047,59589.75
4048,60516.945
4049,61176.363
4050,61639.77
4051,61717.25
4052,61580.79
4053,61263.008
4054,60635.125
4055,59855.242
4056,58309.426
4057,57317.29
4058,56263.375
4059,55167.395
4060,54068.7
4061,53058.832
4062,52313.414
4063,51796.836
4064,51498.977
4065,51201.86
4066,50937.98
4067,51109.445
4068,51531.863
4069,52409.32
4070,53607.332
4071,55315.227
4072,57368.605
4073,59364.26
4074,61204.22
4075,62297.99
4076,62245.008
4077,61035.582
4078,59131.99
4079,57365.414
4080,55596.97
4081,52579.656
4082,50514.887
4083,49333.535
4084,48805.895
4085,49535.64
4086,51496.555
4087,54763.668
4088,59352.188
4089,64536.3
4090,65912.734
4091,64610.324
4092,63634.51
4093,64624.383
4094,67214.8
4095,69435.414
4096,70928.266
4097,71797.69
4098,71914.0
4099,71592.016
4100,70421.96
4101,68036.31
4102,65305.6
4103,62685.22
4104,60634.117
4105,57998.895
4106,55841.97
4107,54420.758
4108,53829.47
4109,53967.23
4110,54943.207
4111,56721.65
4112,59654.22
4113,62977.133
4114,64643.35
4115,63739.113
4116,62516.258
4117,62919.133
4118,65282.875
4119,68282.64
4120,70800.19
4121,72486.57
4122,73405.84
4123,73434.64
4124,71868.56
4125,69125.74
4126,66215.81
4127,63327.793
4128,60662.29
4129,57912.055
4130,55738.49
4131,54353.32
4132,53784.99
4133,53993.0
4134,55140.293
4135,57329.65
4136,61391.242
4137,66834.67
4138,70369.08
4139,70918.07
4140,70599.57
4141,71055.375
4142,72425.21
4143,74048.83
4144,75433.2
4145,76269.77
4146,76701.586
4147,76521.58
4148,75135.85
4149,72361.33
4150,69003.42
4151,65963.07
4152,62925.312
4153,60191.227
4154,58032.805
4155,56589.113
4156,55818.824
4157,55980.99
4158,57325.676
4159,60366.363
4160,65558.984
4161,70828.58
4162,73551.73
4163,74008.664
4164,73639.96
4165,73525.24
4166,74488.64
4167,76056.42
4168,77499.78
4169,78896.45
4170,79725.01
4171,79550.484
4172,77791.266
4173,74784.27
4174,71025.92
4175,67582.17
4176,64252.07
4177,60781.78
4178,58089.02
4179,56454.133
4180,55706.0
4181,56067.24
4182,57550.418
4183,60651.477
4184,65297.008
4185,69896.96
4186,72201.19
4187,72372.06
4188,71058.42
4189,70418.83
4190,71496.305
4191,73336.34
4192,74930.586
4193,76424.38
4194,77472.945
4195,77651.49
4196,76307.05
4197,73353.45
4198,69647.914
4199,66696.984
4200,63532.137
4201,59312.4
4202,56779.7
4203,55048.832
4204,54095.586
4205,53769.168
4206,54263.242
4207,55219.227
4208,56329.207
4209,57316.887
4210,57850.926
4211,58156.7
4212,58763.688
4213,59723.863
4214,60947.21
4215,62352.46
4216,63977.04
4217,64918.492
4218,65242.85
4219,65498.883
4220,65409.324
4221,64293.49
4222,61938.95
4223,58763.438
4224,56404.887
4225,54621.617
4226,52961.01
4227,51714.33
4228,50900.023
4229,50506.027
4230,50531.46
4231,50967.523
4232,51754.043
4233,52321.426
4234,52593.73
4235,52780.574
4236,53123.5
4237,53775.438
4238,54897.727
4239,56608.395
4240,58569.03
4241,60546.133
4242,62462.53
4243,64502.695
4244,65138.242
4245,64092.375
4246,61914.895
4247,59280.406
4248,57140.562
4249,54016.156
4250,51739.29
4251,50302.223
4252,49635.71
4253,50254.43
4254,51967.164
4255,55011.176
4256,59543.477
4257,64815.758
4258,66438.7
4259,65020.727
4260,63621.53
4261,64810.28
4262,68178.766
4263,70960.164
4264,73142.2
4265,74384.61
4266,74551.56
4267,73835.805
4268,72100.08
4269,69091.11
4270,66209.33
4271,63599.957
4272,61260.77
4273,58081.03
4274,55618.49
4275,54090.156
4276,53590.156
4277,53794.137
4278,54579.164
4279,56059.98
4280,58034.906
4281,59406.742
4282,59781.75
4283,59920.355
4284,60193.176
4285,60822.867
4286,61774.3
4287,62472.03
4288,62592.887
4289,62500.227
4290,62203.21
4291,61412.887
4292,60347.945
4293,58963.85
4294,57361.7
4295,55394.523
4296,53865.55
4297,52896.906
4298,52078.645
4299,50800.336
4300,50441.098
4301,50749.496
4302,51766.57
4303,53800.957
4304,56646.074
4305,59112.895
4306,60072.68
4307,59858.625
4308,59166.145
4309,58920.93
4310,59484.633
4311,61026.73
4312,62926.664
4313,64667.85
4314,65883.03
4315,66622.37
4316,66150.37
4317,64443.32
4318,62368.43
4319,60657.93
4320,58310.812
4321,55387.992
4322,53191.332
4323,51338.586
4324,50458.41
4325,50129.812
4326,49904.01
4327,49366.61
4328,48934.465
4329,48514.96
4330,47887.195
4331,47311.785
4332,47327.86
4333,48195.406
4334,49750.67
4335,52334.945
4336,55148.76
4337,57390.7
4338,58549.45
4339,58822.926
4340,58666.26
4341,58255.79
4342,57449.258
4343,55745.4
4344,52618.957
4345,50931.457
4346,49719.777
4347,48230.137
4348,47491.348
4349,48098.42
4350,49423.445
4351,52104.75
4352,55776.45
4353,59181.95
4354,59987.188
4355,58835.0
4356,57256.895
4357,56643.45
4358,58391.023
4359,60258.117
4360,62318.51
4361,65067.65
4362,66914.7
4363,67577.37
4364,67019.08
4365,65317.324
4366,63326.242
4367,61466.9
4368,59059.887
4369,56208.312
4370,54328.35
4371,53051.29
4372,52632.65
4373,52670.355
4374,52972.53
4375,53215.25
4376,53294.906
4377,52813.832
4378,51599.293
4379,50180.05
4380,49124.418
4381,48797.477
4382,49544.043
4383,51218.066
4384,53369.54
4385,55587.29
4386,57171.0
4387,58167.742
4388,58537.51
4389,58105.22
4390,57231.945
4391,55955.57
4392,54138.707
4393,51892.09
4394,49942.164
4395,48987.2
4396,48700.055
4397,48697.668
4398,48949.84
4399,49242.305
4400,49329.15
4401,49245.21
4402,48821.03
4403,48327.05
4404,48369.15
4405,48894.836
4406,50148.38
4407,52057.18
4408,54045.492
4409,55982.164
4410,57270.7
4411,57711.77
4412,57710.48
4413,57350.25
4414,56566.48
4415,55423.207
4416,53998.156
4417,51924.934
4418,50191.395
4419,48941.332
4420,48487.074
4421,49433.6
4422,51559.223
4423,55041.457
4424,59593.812
4425,64683.35
4426,66142.33
4427,64016.258
4428,61254.113
4429,60646.805
4430,62398.605
4431,64352.6
4432,66315.4
4433,67954.055
4434,68638.34
4435,68347.234
4436,67225.2
4437,65694.74
4438,63922.742
4439,61839.395
4440,59264.9
4441,56955.168
4442,54994.805
4443,53757.008
4444,53398.945
4445,53792.695
4446,54965.52
4447,56770.387
4448,59225.68
4449,61977.45
4450,63073.945
4451,62266.85
4452,60547.395
4453,59525.125
4454,60569.836
4455,62541.836
4456,64791.01
4457,67265.6
4458,68377.375
4459,68382.67
4460,67131.01
4461,65182.98
4462,63217.574
4463,61549.26
4464,59622.105
4465,56388.863
4466,53723.824
4467,51774.504
4468,50879.07
4469,50514.68
4470,50424.277
4471,50412.68
4472,50452.46
4473,50019.406
4474,48836.29
4475,47280.133
4476,46503.24
4477,46690.742
4478,47544.37
4479,49322.05
4480,51657.824
4481,54258.18
4482,56498.543
4483,57577.68
4484,57979.906
4485,57619.85
4486,56792.387
4487,55261.336
4488,52823.586
4489,51325.598
4490,50187.727
4491,48420.727
4492,47640.605
4493,48047.9
4494,49030.78
4495,51025.19
4496,53951.99
4497,57694.65
4498,60142.195
4499,60044.8
4500,58682.82
4501,58055.188
4502,59612.992
4503,61826.387
4504,64206.72
4505,66859.34
4506,68183.5
4507,68344.1
4508,67319.57
4509,65265.508
4510,62999.977
4511,60888.168
4512,58060.074
4513,55640.043
4514,53875.77
4515,52916.414
4516,52677.227
4517,53252.02
4518,54692.855
4519,56726.26
4520,59528.25
4521,62088.836
4522,62656.26
4523,61289.188
4524,59415.8
4525,58501.895
4526,60079.086
4527,62008.992
4528,64415.117
4529,67174.93
4530,68299.516
4531,68343.086
4532,67019.945
4533,64793.668
4534,62690.72
4535,60999.832
4536,58812.164
4537,55908.29
4538,54094.99
4539,52883.008
4540,52509.48
4541,52585.695
4542,52951.355
4543,53263.695
4544,53449.273
4545,53244.906
4546,52410.746
4547,51293.914
4548,50043.805
4549,49251.89
4550,49459.207
4551,50754.15
4552,52747.562
4553,55128.71
4554,57014.758
4555,58271.906
4556,58793.805
4557,58253.164
4558,57288.156
4559,56004.25
4560,54226.758
4561,52039.406
4562,50126.758
4563,49133.72
4564,48845.195
4565,48903.164
4566,49101.676
4567,49310.402
4568,49317.69
4569,48821.75
4570,47521.117
4571,46037.97
4572,45217.457
4573,45562.375
4574,46641.125
4575,48451.086
4576,50669.03
4577,53430.688
4578,55972.305
4579,57434.49
4580,57956.523
4581,57656.29
4582,56957.27
4583,56011.887
4584,54594.1
4585,51795.363
4586,49807.047
4587,48553.76
4588,48179.145
4589,48929.855
4590,50866.215
4591,54141.855
4592,58505.24
4593,64309.46
4594,67003.27
4595,67433.14
4596,66243.484
4597,65947.43
4598,67817.65
4599,69885.7
4600,71087.15
4601,71539.23
4602,71360.44
4603,70513.42
4604,69029.21
4605,67089.76
4606,64875.836
4607,61958.48
4608,59008.383
4609,57107.832
4610,55778.99
4611,55201.18
4612,55386.7
4613,56318.617
4614,58122.355
4615,61211.555
4616,64654.242
4617,67887.08
4618,69935.05
4619,70856.664
4620,71178.76
4621,71313.766
4622,71580.914
4623,72052.6
4624,72670.1
4625,73204.96
4626,73405.95
4627,72972.1
4628,71685.71
4629,69479.56
4630,66981.56
4631,64449.85
4632,61897.887
4633,59369.836
4634,57490.7
4635,56115.926
4636,55300.824
4637,55137.312
4638,55643.957
4639,56842.863
4640,58939.21
4641,61788.742
4642,64204.105
4643,65656.65
4644,65166.363
4645,63754.57
4646,63859.27
4647,65855.484
4648,68230.33
4649,70347.84
4650,71656.39
4651,71468.95
4652,69795.54
4653,66911.45
4654,64072.93
4655,61684.418
4656,59187.04
4657,56628.305
4658,54646.125
4659,53481.273
4660,53124.586
4661,53628.49
4662,55124.05
4663,57355.855
4664,60695.47
4665,63760.93
4666,65395.52
4667,64987.68
4668,62854.22
4669,61658.508
4670,62471.676
4671,64447.605
4672,66500.375
4673,68513.58
4674,70030.58
4675,70207.89
4676,68634.45
4677,66217.15
4678,63891.863
4679,61932.76
4680,59975.35
4681,57509.586
4682,55415.742
4683,54006.18
4684,53396.367
4685,53632.574
4686,54837.367
4687,56837.18
4688,60081.855
4689,64368.383
4690,68181.83
4691,69924.45
4692,70325.7
4693,71217.92
4694,72588.8
4695,73558.96
4696,73724.58
4697,73220.21
4698,71918.86
4699,69786.734
4700,67025.734
4701,64249.52
4702,61807.707
4703,59827.844
4704,58530.47
4705,57123.918
4706,56211.637
4707,55627.117
4708,55469.887
4709,55397.05
4710,55505.957
4711,55794.582
4712,56217.48
4713,56633.9
4714,56873.457
4715,56977.51
4716,57114.324
4717,57459.855
4718,58030.2
4719,58705.637
4720,59171.863
4721,59459.98
4722,59529.855
4723,59493.375
4724,58981.633
4725,58113.645
4726,56983.25
4727,55622.188
4728,53767.57
4729,52613.5
4730,51649.008
4731,51024.17
4732,50750.645
4733,50754.453
4734,50976.93
4735,51238.055
4736,51537.38
4737,51312.82
4738,50407.37
4739,49626.76
4740,49488.77
4741,49915.16
4742,50783.973
4743,52080.434
4744,53552.668
4745,54903.836
4746,55946.312
4747,56667.6
4748,56871.387
4749,56623.676
4750,56069.207
4751,55145.0
4752,53813.07
4753,51281.793
4754,49650.63
4755,48570.43
4756,48180.63
4757,48950.13
4758,50762.645
4759,53736.85
4760,57466.27
4761,60526.305
4762,60779.895
4763,59481.2
4764,58582.2
4765,59134.938
4766,61232.5
4767,63175.46
4768,65224.28
4769,66832.56
4770,67794.05
4771,67937.07
4772,67162.46
4773,65809.75
4774,64211.5
4775,62353.445
4776,60202.426
4777,57798.3
4778,55662.324
4779,54168.914
4780,53684.656
4781,54034.824
4782,55089.53
4783,56807.07
4784,59506.145
4785,63037.18
4786,65935.92
4787,67520.89
4788,68253.164
4789,68828.96
4790,69362.67
4791,69912.11
4792,70569.44
4793,71074.484
4794,70908.52
4795,70018.57
4796,68811.26
4797,67395.016
4798,65970.58
4799,64455.82
4800,62826.125
4801,61214.508
4802,59763.836
4803,58670.29
4804,57940.023
4805,57523.02
4806,57392.668
4807,57461.03
4808,57616.29
4809,57758.21
4810,57893.543
4811,58113.04
4812,58491.945
4813,59027.883
4814,59677.395
4815,60541.645
4816,61900.492
4817,63824.844
4818,65859.95
4819,67030.055
4820,66517.71
4821,64700.887
4822,62654.605
4823,60578.332
4824,58256.71
4825,56261.293
4826,54732.805
4827,53914.188
4828,53826.508
4829,54456.887
4830,55793.438
4831,57899.906
4832,60723.055
4833,62637.55
4834,62109.113
4835,59939.875
4836,57752.336
4837,56775.18
4838,58729.76
4839,60802.04
4840,63425.043
4841,65667.22
4842,66810.195
4843,67152.95
4844,66190.766
4845,64492.312
4846,62916.77
4847,61572.125
4848,59723.895
4849,57324.47
4850,55353.664
4851,54139.207
4852,53810.46
4853,54305.594
4854,55615.332
4855,57683.926
4856,60607.324
4857,62539.375
4858,61586.273
4859,59222.445
4860,56919.48
4861,56476.0
4862,58805.35
4863,60659.1
4864,63931.46
4865,66294.58
4866,67369.37
4867,67161.016
4868,65926.83
4869,64208.45
4870,62677.656
4871,61311.773
4872,59407.47
4873,56763.383
4874,54815.242
4875,53530.367
4876,53232.85
4877,53465.04
4878,53958.695
4879,54377.824
4880,54506.875
4881,53960.8
4882,52532.137
4883,50927.715
4884,49553.7
4885,49083.4
4886,49725.863
4887,51217.535
4888,53304.805
4889,55590.145
4890,57304.773
4891,58396.273
4892,58639.492
4893,58120.707
4894,57222.832
4895,55931.492
4896,54243.367
4897,52151.246
4898,50250.008
4899,49232.348
4900,48898.344
4901,48918.93
4902,49169.207
4903,49497.4
4904,49634.945
4905,49594.934
4906,49155.195
4907,48644.24
4908,48673.97
4909,49056.57
4910,49925.2
4911,51411.58
4912,53345.04
4913,55543.707
4914,57122.133
4915,57902.47
4916,58062.523
4917,57799.02
4918,57110.23
4919,55933.32
4920,54440.418
4921,52111.664
4922,50318.48
4923,49204.37
4924,48589.176
4925,49471.05
4926,51672.184
4927,55131.133
4928,59406.875
4929,63822.71
4930,64528.562
4931,62818.45
4932,60826.04
4933,60424.54
4934,61730.586
4935,63391.805
4936,65076.1
4937,66684.66
4938,67797.34
4939,68067.36
4940,67391.38
4941,66166.77
4942,64760.867
4943,63128.176
4944,61383.812
4945,59435.85
4946,57202.168
4947,55317.613
4948,54210.79
4949,54014.887
4950,54561.633
4951,55630.258
4952,57108.76
4953,58900.406
4954,60825.02
4955,61589.0
4956,60933.113
4957,60291.52
4958,60720.9
4959,62432.918
4960,64507.863
4961,66250.984
4962,67693.984
4963,67925.55
4964,66570.984
4965,64386.137
4966,62364.637
4967,60488.93
4968,57996.25
4969,55631.21
4970,53886.062
4971,53047.062
4972,52967.77
4973,53739.617
4974,55369.145
4975,57577.094
4976,60446.938
4977,62425.07
4978,62305.863
4979,60370.562
4980,58325.086
4981,57352.74
4982,59046.574
4983,60644.844
4984,63083.312
4985,65998.336
4986,67209.08
4987,67403.29
4988,66208.984
4989,64331.85
4990,62635.137
4991,61223.477
4992,59242.906
4993,56840.85
4994,54742.74
4995,53517.95
4996,53174.79
4997,53660.918
4998,55002.75
4999,56967.145
5000,59550.707
5001,61845.305
5002,61861.855
5003,60092.28
5004,57923.71
5005,56628.855
5006,58513.32
5007,60347.918
5008,62824.625
5009,66067.11
5010,67312.12
5011,67402.89
5012,66193.61
5013,64316.0
5014,62589.24
5015,61156.51
5016,59158.832
