,LSTM_prediction
0,59588.824
1,54925.66
2,54016.223
3,53929.85
4,53773.113
5,53727.363
6,53812.613
7,54034.266
8,54160.137
9,53757.09
10,52441.1
11,50654.305
12,48181.324
13,45891.953
14,45411.56
15,46988.63
16,48870.355
17,50470.56
18,52050.094
19,53932.277
20,55827.383
21,56890.645
22,57069.8
23,56845.85
24,56296.156
25,54513.926
26,52251.754
27,50160.293
28,49212.656
29,48607.668
30,48140.105
31,48106.46
32,48048.945
33,46914.414
34,44653.336
35,42666.035
36,41749.727
37,41576.7
38,41809.97
39,42677.36
40,44507.05
41,47081.094
42,49486.21
43,52275.99
44,55388.44
45,56492.95
46,56609.703
47,56359.812
48,55400.273
49,50935.938
50,48917.83
51,48101.938
52,48113.992
53,48717.684
54,49863.496
55,51900.547
56,55093.684
57,57850.36
58,59461.43
59,58586.32
60,56758.727
61,55867.3
62,56030.34
63,56747.453
64,58754.516
65,61162.95
66,63083.6
67,64542.086
68,64574.336
69,64356.484
70,62816.99
71,60945.867
72,59275.27
73,55489.59
74,54446.93
75,53663.14
76,53780.42
77,54385.656
78,56429.527
79,59272.35
80,60945.145
81,60596.637
82,58679.754
83,57297.832
84,57249.7
85,57699.45
86,58628.043
87,59532.81
88,60624.69
89,61670.605
90,62758.664
91,63477.4
92,63493.676
93,63158.54
94,62009.81
95,60545.902
96,59286.023
97,54348.246
98,52905.156
99,53143.09
100,53365.73
101,54288.41
102,55017.312
103,55408.492
104,55535.117
105,55246.48
106,55053.113
107,54902.76
108,55321.367
109,55777.402
110,56186.062
111,56524.79
112,56986.855
113,57626.684
114,58653.473
115,59950.957
116,61104.758
117,61602.094
118,61549.664
119,60875.312
120,59750.984
121,53202.473
122,51001.45
123,50451.465
124,50932.156
125,52637.55
126,54515.7
127,56980.69
128,59641.734
129,61037.168
130,61296.457
131,60446.79
132,59043.58
133,57897.77
134,58280.94
135,59290.414
136,60994.49
137,62513.91
138,63871.383
139,65097.215
140,65106.48
141,64749.05
142,63724.516
143,61884.54
144,60338.203
145,57906.695
146,54863.36
147,54281.625
148,53662.957
149,53711.61
150,54279.727
151,56162.844
152,58275.64
153,60684.164
154,61818.88
155,60911.9
156,58925.18
157,58423.992
158,59298.94
159,60821.402
160,62426.055
161,63932.93
162,65303.28
163,65773.266
164,65444.777
165,64799.336
166,63046.363
167,61072.094
168,59120.496
169,55745.695
170,53841.387
171,53341.574
172,53046.934
173,52946.438
174,53092.188
175,53349.863
176,53494.574
177,53168.63
178,52003.008
179,49185.473
180,47011.33
181,46253.29
182,46828.96
183,48287.805
184,49922.617
185,51406.336
186,53317.73
187,55240.316
188,56854.883
189,57732.266
190,57590.047
191,57356.9
192,56835.387
193,55543.65
194,53102.26
195,50959.613
196,49556.914
197,48920.867
198,48474.1
199,48094.438
200,47812.4
201,47465.48
202,45338.305
203,43261.125
204,42478.83
205,42104.938
206,42613.016
207,44108.203
208,47153.758
209,49941.88
210,52196.348
211,54836.824
212,56705.6
213,57602.97
214,57563.906
215,57300.98
216,56832.266
217,53086.848
218,50276.387
219,48894.72
220,48236.566
221,48241.76
222,48937.95
223,51464.0
224,55465.02
225,58147.008
226,60300.02
227,61736.535
228,62801.383
229,63148.145
230,63056.87
231,62723.664
232,62270.074
233,61921.637
234,61963.062
235,62409.258
236,63089.188
237,63730.04
238,64127.164
239,64242.977
240,64297.66
241,64412.12
242,64668.594
243,64971.688
244,65101.086
245,64654.76
246,63657.367
247,62605.64
248,61349.33
249,60731.63
250,60892.402
251,61527.55
252,62243.477
253,63009.773
254,63758.895
255,63901.496
256,64205.188
257,64713.977
258,65198.29
259,65519.457
260,65393.125
261,64630.45
262,63363.94
263,61730.258
264,59949.633
265,57092.645
266,55767.63
267,54891.773
268,54364.527
269,54532.848
270,55315.61
271,56858.797
272,59051.88
273,61423.957
274,63664.95
275,63146.348
276,61100.562
277,58916.04
278,59286.164
279,60520.473
280,61831.547
281,63166.773
282,64526.086
283,65078.81
284,64676.38
285,64287.797
286,63019.09
287,61432.223
288,59953.29
289,57192.863
290,54645.44
291,53868.348
292,53437.207
293,53404.324
294,54005.617
295,55523.59
296,57307.496
297,60038.867
298,61363.89
299,60168.38
300,58080.58
301,57096.895
302,57386.234
303,58663.45
304,60677.836
305,62144.113
306,63279.08
307,64383.77
308,64533.62
309,63880.85
310,63421.254
311,61935.02
312,60214.97
313,58926.895
314,55583.58
315,53813.824
316,53009.64
317,52988.96
318,53512.46
319,54652.76
320,56899.59
321,59643.63
322,60646.53
323,59342.36
324,57307.94
325,56551.18
326,57316.832
327,59092.613
328,61384.05
329,63124.18
330,64524.527
331,65311.99
332,65103.46
333,64689.453
334,63042.633
335,60969.742
336,59367.48
337,55762.65
338,53961.133
339,53451.26
340,53307.973
341,53227.605
342,53244.89
343,53320.074
344,53362.508
345,53347.945
346,53553.504
347,53963.89
348,54290.22
349,54375.027
350,54444.656
351,54583.297
352,54792.473
353,54847.035
354,54536.824
355,53923.484
356,53297.17
357,52628.746
358,52056.99
359,51697.996
360,51659.426
361,51799.7
362,51947.625
363,52341.93
364,52540.18
365,52627.49
366,52758.773
367,53056.113
368,53311.05
369,53393.41
370,53433.055
371,53372.223
372,53289.723
373,53214.438
374,53404.21
375,53949.785
376,54675.086
377,55334.92
378,55826.605
379,56093.594
380,56155.754
381,55978.79
382,55629.6
383,54977.84
384,54283.227
385,50309.348
386,49220.492
387,48630.246
388,48331.95
389,48562.812
390,49952.953
391,53164.574
392,56453.773
393,59441.793
394,60684.83
395,60276.54
396,58747.547
397,58414.617
398,59718.18
399,61423.773
400,62928.023
401,64531.4
402,65490.477
403,65725.97
404,65515.375
405,65007.055
406,63488.355
407,61938.965
408,60865.67
409,58921.83
410,56247.555
411,54619.066
412,53752.473
413,53720.04
414,54297.043
415,55498.184
416,57268.77
417,60060.594
418,61769.34
419,61537.12
420,59866.01
421,58489.3
422,59448.977
423,60871.03
424,62536.492
425,64425.816
426,65590.71
427,65781.305
428,65401.008
429,64201.64
430,62004.96
431,60294.484
432,56481.637
433,54763.688
434,53743.875
435,53615.332
436,53961.324
437,55222.91
438,56849.113
439,59208.945
440,61096.98
441,62800.875
442,63822.7
443,63973.93
444,63618.824
445,62997.77
446,62325.445
447,62133.3
448,62475.855
449,63456.8
450,64846.652
451,65790.38
452,65974.945
453,65473.805
454,64363.285
455,62815.625
456,60653.582
457,57399.777
458,55866.94
459,54788.17
460,54542.938
461,55151.633
462,56499.816
463,58515.676
464,60712.867
465,63020.69
466,64086.875
467,64293.93
468,64048.895
469,63410.32
470,62835.555
471,62816.887
472,63271.383
473,63983.07
474,65267.645
475,66091.64
476,65980.27
477,65324.93
478,64074.13
479,62275.273
480,60782.758
481,58241.297
482,55539.01
483,54585.7
484,53898.758
485,53589.67
486,53973.55
487,55404.27
488,57143.73
489,60103.57
490,62110.184
491,61819.53
492,59522.348
493,58294.504
494,59164.074
495,61259.453
496,62871.273
497,64202.77
498,65392.59
499,65799.33
500,65332.29
501,64744.387
502,63437.348
503,61607.277
504,59832.35
505,57388.33
506,54426.46
507,53335.98
508,52835.863
509,52262.047
510,51954.332
511,52078.535
512,52480.28
513,52816.953
514,50186.863
515,47089.266
516,45320.2
517,45352.64
518,46453.062
519,48289.91
520,50160.227
521,51685.21
522,53743.652
523,55638.29
524,57165.277
525,57570.31
526,57394.418
527,57013.73
528,56095.727
529,53917.22
530,51527.957
531,49909.28
532,49074.68
533,48621.395
534,48208.53
535,47945.85
536,47719.074
537,47301.918
538,45064.01
539,43323.46
540,42710.793
541,42407.137
542,42978.69
543,44779.496
544,47751.16
545,50275.617
546,52885.016
547,55437.984
548,57216.637
549,57905.94
550,57721.3
551,57384.133
552,56752.12
553,52186.8
554,49717.57
555,48565.92
556,47949.66
557,48130.625
558,49112.652
559,51555.72
560,56116.027
561,59088.63
562,60252.484
563,59548.324
564,57827.86
565,58182.37
566,60304.25
567,62353.906
568,64519.18
569,66194.41
570,66539.22
571,66285.6
572,65723.23
573,63873.227
574,61986.65
575,60527.82
576,58357.87
577,56310.742
578,54971.055
579,54099.703
580,54061.883
581,54744.543
582,55798.54
583,57424.977
584,59645.375
585,62101.336
586,63513.496
587,63188.46
588,62567.3
589,62045.867
590,62266.785
591,62938.715
592,64059.434
593,65230.63
594,66283.03
595,66452.7
596,65967.4
597,64868.715
598,62934.332
599,61228.64
600,58498.3
601,55842.004
602,54594.39
603,53873.395
604,54141.23
605,54970.082
606,56715.426
607,59223.12
608,61756.945
609,62851.17
610,62312.03
611,60902.402
612,60286.484
613,60814.207
614,61690.12
615,62783.734
616,64277.35
617,65084.668
618,65316.297
619,65167.29
620,64901.676
621,63457.19
622,61861.715
623,60504.26
624,57686.566
625,55101.176
626,54384.06
627,53792.7
628,53851.39
629,54266.562
630,55516.973
631,57230.305
632,59672.01
633,61561.395
634,61599.348
635,59955.934
636,57861.01
637,57868.266
638,58840.367
639,60587.92
640,62228.86
641,63545.426
642,64841.71
643,65267.67
644,64951.49
645,64524.65
646,63112.98
647,61163.684
648,59632.758
649,56354.82
650,54144.31
651,53425.652
652,52969.13
653,53288.742
654,54079.94
655,55937.047
656,58060.82
657,60350.066
658,60215.605
659,58243.465
660,56373.477
661,56108.707
662,57369.387
663,59622.094
664,61480.254
665,63284.84
666,64666.523
667,65357.734
668,64986.887
669,64410.17
670,63094.074
671,61122.082
672,59475.965
673,56829.7
674,54019.19
675,53145.375
676,52563.72
677,52058.805
678,51907.6
679,52091.508
680,52403.49
681,51018.453
682,47162.88
683,45008.78
684,44386.09
685,45065.703
686,47028.445
687,49230.7
688,51417.426
689,53430.965
690,55313.293
691,56703.473
692,57672.68
693,57724.164
694,57536.816
695,57199.99
696,56554.29
697,54034.617
698,52375.887
699,51657.645
700,51523.516
701,51834.44
702,52293.473
703,52629.246
704,53046.926
705,53440.89
706,53733.46
707,53867.984
708,53960.863
709,54075.26
710,54152.535
711,54300.867
712,54453.71
713,54622.887
714,54776.0
715,54917.117
716,55065.086
717,55208.09
718,55325.645
719,55451.426
720,55508.047
721,53741.355
722,52334.516
723,51621.664
724,51394.38
725,51548.418
726,51827.73
727,52194.867
728,52936.047
729,54108.16
730,55614.188
731,56982.477
732,57447.266
733,57959.305
734,58528.758
735,59092.76
736,59691.53
737,60406.707
738,60962.914
739,61220.305
740,61061.617
741,60475.457
742,59390.96
743,58132.73
744,57269.797
745,52083.18
746,50354.715
747,51173.117
748,52087.766
749,53023.883
750,54082.45
751,55788.88
752,58711.805
753,61216.59
754,62969.594
755,63826.777
756,63874.38
757,63658.223
758,63689.543
759,64339.152
760,65152.492
761,65692.42
762,65641.13
763,65231.91
764,64450.938
765,63510.797
766,61912.168
767,59908.1
768,58183.168
769,56957.168
770,56230.88
771,55958.348
772,55886.344
773,56079.05
774,56573.1
775,57328.06
776,58241.957
777,59618.703
778,61519.6
779,62627.29
780,61933.93
781,61319.285
782,61652.64
783,62598.11
784,63666.58
785,64655.19
786,65099.336
787,65013.81
788,64711.12
789,63635.92
790,61920.504
791,60474.004
792,57716.4
793,55124.17
794,54195.062
795,53689.78
796,53543.004
797,54156.414
798,55707.625
799,57650.625
800,60058.3
801,61444.37
802,60606.64
803,58494.902
804,56713.1
805,56828.04
806,57962.023
807,59900.24
808,61677.86
809,63119.008
810,64361.45
811,64785.23
812,64324.945
813,63925.4
814,62370.918
815,60682.984
816,59217.414
817,55690.676
818,53993.883
819,53225.133
820,52860.035
821,53387.418
822,54350.836
823,56289.867
824,58876.18
825,60920.926
826,60724.098
827,58511.54
828,56687.53
829,56816.89
830,58296.887
831,60540.31
832,62259.305
833,63817.1
834,65060.08
835,65323.703
836,64913.906
837,64296.348
838,62872.68
839,60907.152
840,59466.76
841,56464.137
842,54077.688
843,53451.16
844,53140.2
845,52965.37
846,52953.0
847,53188.258
848,53210.637
849,52810.895
850,51499.496
851,50535.855
852,50227.01
853,50808.9
854,51898.035
855,53796.418
856,55438.79
857,56941.87
858,57543.516
859,57428.586
860,57021.57
861,56280.156
862,55230.156
863,53819.434
864,52346.01
865,50814.992
866,49920.598
867,49509.098
868,49418.758
869,49506.113
870,49742.586
871,50215.96
872,50652.32
873,50571.2
874,48834.254
875,47124.77
876,46457.508
877,46361.066
878,46940.29
879,48681.81
880,50421.27
881,52460.367
882,54457.023
883,56015.52
884,56786.406
885,56938.17
886,56628.043
887,55952.13
888,54399.64
889,49906.008
890,48920.93
891,48368.43
892,48033.793
893,48671.703
894,49785.066
895,51637.586
896,55014.496
897,58096.227
898,59489.59
899,58614.53
900,56525.19
901,55630.387
902,56139.11
903,58104.543
904,60597.816
905,62546.34
906,64005.742
907,64989.16
908,64654.906
909,64183.97
910,62949.074
911,60937.645
912,59376.395
913,56156.336
914,53901.434
915,53023.18
916,52678.617
917,53093.457
918,54012.23
919,55899.58
920,58209.715
921,60386.09
922,60187.273
923,58284.008
924,56375.188
925,56291.45
926,57762.9
927,60187.484
928,61895.64
929,63676.895
930,64793.69
931,65200.055
932,64802.61
933,64245.33
934,62965.25
935,60916.027
936,59384.805
937,55458.918
938,53061.23
939,52267.957
940,52426.49
941,52650.82
942,53158.664
943,53879.125
944,53739.82
945,52769.863
946,51566.273
947,50212.457
948,49588.656
949,49845.45
950,50950.57
951,52592.645
952,54243.133
953,55618.9
954,56362.684
955,56543.062
956,56083.168
957,55282.883
958,54840.25
959,54734.984
960,55110.164
961,50503.246
962,48793.715
963,48697.406
964,49697.766
965,51089.19
966,53531.895
967,56564.484
968,58963.203
969,59754.05
970,58869.86
971,57360.1
972,55806.49
973,55991.477
974,56672.633
975,58449.258
976,60702.652
977,62846.37
978,64137.496
979,64698.22
980,64356.02
981,63610.863
982,61998.715
983,60433.688
984,58264.89
985,55105.484
986,54143.434
987,53499.297
988,53349.445
989,53901.836
990,55596.996
991,57625.613
992,60470.652
993,61716.336
994,60716.332
995,58410.0
996,57694.742
997,58604.9
998,60754.168
999,62472.664
1000,64205.156
1001,65654.69
1002,66019.09
1003,65825.79
1004,65441.473
1005,64415.39
1006,62544.19
1007,60799.203
1008,58857.777
1009,55918.977
1010,53987.06
1011,53390.195
1012,53211.293
1013,53152.883
1014,53322.547
1015,53490.508
1016,53445.965
1017,52977.25
1018,51372.54
1019,49749.336
1020,49499.043
1021,49904.242
1022,50907.723
1023,52333.99
1024,53864.59
1025,55376.45
1026,56696.4
1027,57771.37
1028,58020.016
1029,57873.94
1030,57544.074
1031,56978.57
1032,55871.305
1033,53894.24
1034,52143.613
1035,50508.95
1036,49441.93
1037,48919.508
1038,48587.547
1039,48440.367
1040,48253.543
1041,47959.016
1042,46037.06
1043,44372.965
1044,43722.67
1045,44289.22
1046,45932.438
1047,48398.383
1048,51050.81
1049,53519.074
1050,55697.87
1051,57129.105
1052,58128.164
1053,58038.562
1054,57823.273
1055,57344.266
1056,56541.457
1057,51368.67
1058,49535.5
1059,48612.086
1060,47956.543
1061,48273.3
1062,49122.727
1063,50568.832
1064,54492.33
1065,58032.395
1066,60210.11
1067,60276.824
1068,59017.47
1069,58319.242
1070,59633.867
1071,62075.504
1072,64566.08
1073,66891.02
1074,67834.77
1075,67489.65
1076,66959.14
1077,65667.125
1078,63093.098
1079,60986.723
1080,58071.48
1081,55442.145
1082,54321.45
1083,53447.586
1084,53339.1
1085,53932.934
1086,55752.65
1087,58337.758
1088,61528.03
1089,63720.133
1090,63947.207
1091,63307.734
1092,62972.004
1093,63831.504
1094,65395.746
1095,67045.62
1096,68266.48
1097,68871.33
1098,68874.5
1099,68340.58
1100,67347.38
1101,65795.82
1102,63472.496
1103,61375.895
1104,58790.01
1105,55757.176
1106,54527.62
1107,53632.027
1108,53110.9
1109,53341.7
1110,54302.547
1111,56305.83
1112,59210.36
1113,62226.457
1114,63695.637
1115,63095.664
1116,62426.074
1117,62825.133
1118,64469.484
1119,66559.49
1120,68505.37
1121,69407.33
1122,69390.82
1123,68586.57
1124,67697.125
1125,66066.02
1126,63853.855
1127,61614.15
1128,59295.66
1129,56187.113
1130,54535.57
1131,53698.23
1132,53143.363
1133,53219.484
1134,53961.242
1135,55878.56
1136,58730.76
1137,62356.76
1138,63832.9
1139,63131.49
1140,62519.926
1141,63176.883
1142,64749.887
1143,66676.76
1144,68541.805
1145,69331.44
1146,69204.86
1147,68360.7
1148,67382.86
1149,65864.875
1150,63786.215
1151,61470.637
1152,59073.727
1153,55826.594
1154,54206.2
1155,53304.254
1156,52831.734
1157,53177.688
1158,54112.746
1159,56126.668
1160,58973.453
1161,61907.53
1162,62966.73
1163,62192.715
1164,61404.734
1165,61890.258
1166,63418.85
1167,65843.8
1168,67899.71
1169,68917.71
1170,69078.516
1171,68515.26
1172,67515.22
1173,65853.58
1174,63376.35
1175,61285.348
1176,58635.74
1177,55515.418
1178,54502.375
1179,53961.69
1180,53855.746
1181,53854.113
1182,53949.156
1183,54081.71
1184,54283.164
1185,54360.63
1186,54340.246
1187,54285.254
1188,54250.83
1189,54570.008
1190,55043.703
1191,55649.41
1192,56190.71
1193,56610.16
1194,56873.266
1195,57009.215
1196,56849.86
1197,56638.84
1198,56304.617
1199,55635.258
1200,54802.78
1201,53757.508
1202,52728.055
1203,51661.824
1204,50950.42
1205,50390.59
1206,50143.01
1207,49997.14
1208,49854.78
1209,49679.613
1210,49599.176
1211,49267.832
1212,49539.176
1213,50693.05
1214,52531.996
1215,54588.402
1216,55942.152
1217,56766.562
1218,56920.902
1219,56574.41
1220,56177.992
1221,55559.8
1222,54575.613
1223,53580.17
1224,52691.92
1225,49962.68
1226,49108.65
1227,48707.086
1228,48561.684
1229,48978.35
1230,50526.883
1231,54417.34
1232,58413.285
1233,61445.95
1234,62076.613
1235,60822.57
1236,59526.883
1237,60362.51
1238,61819.793
1239,63714.76
1240,65171.715
1241,66173.9
1242,66147.29
1243,65815.87
1244,65148.64
1245,63158.305
1246,61362.098
1247,59939.668
1248,57477.39
1249,55185.254
1250,54447.47
1251,53631.63
1252,53638.17
1253,53982.27
1254,54895.2
1255,56417.01
1256,58925.82
1257,61641.152
1258,62304.32
1259,60778.223
1260,59147.168
1261,60101.883
1262,61570.582
1263,63190.883
1264,65009.766
1265,66297.53
1266,66708.95
1267,66475.39
1268,65976.68
1269,65222.996
1270,63381.836
1271,61259.184
1272,59409.047
1273,55923.9
1274,54348.14
1275,53533.805
1276,52991.273
1277,53311.02
1278,54137.758
1279,55916.047
1280,58716.277
1281,61300.45
1282,61797.54
1283,60420.914
1284,59256.875
1285,59924.105
1286,61622.29
1287,63375.203
1288,65390.09
1289,66864.29
1290,67447.02
1291,67006.31
1292,66375.01
1293,65460.55
1294,63958.742
1295,61556.89
1296,59806.75
1297,56876.1
1298,54366.67
1299,53572.516
1300,52723.06
1301,53104.723
1302,53802.453
1303,55536.316
1304,57882.27
1305,61095.81
1306,62710.805
1307,61962.312
1308,60884.934
1309,61134.22
1310,62367.176
1311,64155.16
1312,66095.266
1313,67487.586
1314,67594.984
1315,67331.21
1316,66601.05
1317,65425.273
1318,63229.195
1319,61389.227
1320,59194.98
1321,56387.594
1322,55046.547
1323,54108.73
1324,54079.383
1325,54362.973
1326,55374.33
1327,56766.785
1328,59697.887
1329,63045.605
1330,63684.73
1331,63231.934
1332,63028.92
1333,63595.832
1334,64841.54
1335,66117.05
1336,67128.04
1337,67801.31
1338,67832.625
1339,67477.75
1340,66814.35
1341,65689.05
1342,63551.875
1343,61554.15
1344,59306.42
1345,56950.63
1346,55285.227
1347,54003.574
1348,53347.74
1349,52566.73
1350,51905.98
1351,51468.38
1352,51366.688
1353,51143.875
1354,50854.96
1355,50399.01
1356,50575.35
1357,50676.84
1358,50915.59
1359,51522.703
1360,52661.76
1361,54076.293
1362,55483.85
1363,56869.78
1364,58170.082
1365,58369.582
1366,57276.94
1367,56137.11
1368,54780.332
1369,52953.86
1370,51199.76
1371,50371.547
1372,49953.84
1373,49665.797
1374,49413.6
1375,49280.793
1376,49089.375
1377,47760.363
1378,45994.03
1379,45065.383
1380,45771.676
1381,47136.523
1382,48384.785
1383,49869.4
1384,51315.47
1385,52965.945
1386,54663.773
1387,56207.27
1388,57499.05
1389,57642.836
1390,57013.57
1391,56222.78
1392,54848.082
1393,50480.5
1394,50384.152
1395,49836.16
1396,49360.3
1397,49812.344
1398,50730.477
1399,52965.035
1400,55748.324
1401,59191.977
1402,61012.027
1403,60642.414
1404,60208.93
1405,60619.676
1406,61644.64
1407,63291.523
1408,64560.758
1409,65503.496
1410,66127.81
1411,65896.336
1412,65362.92
1413,64743.914
1414,63629.137
1415,62272.97
1416,61036.17
1417,59195.688
1418,56832.1
1419,54977.613
1420,54129.438
1421,53909.484
1422,53887.64
1423,54152.484
1424,55012.457
1425,57200.305
1426,61113.582
1427,62330.613
1428,62250.58
1429,62879.83
1430,63639.92
1431,64589.387
1432,65820.28
1433,67029.31
1434,68032.914
1435,68861.28
1436,67956.63
1437,66909.93
1438,65682.91
1439,63676.02
1440,61504.07
1441,59281.168
1442,56620.832
1443,54803.45
1444,53828.816
1445,53250.656
1446,53562.47
1447,54476.734
1448,56204.484
1449,59747.5
1450,63014.832
1451,63780.766
1452,63327.35
1453,63563.574
1454,64954.863
1455,66797.016
1456,68857.13
1457,70934.28
1458,72186.14
1459,72002.71
1460,70572.164
1461,68796.74
1462,66889.39
1463,64585.902
1464,61771.88
1465,56589.387
1466,54362.418
1467,53870.836
1468,53625.746
1469,53069.39
1470,52848.098
1471,53069.848
1472,53763.98
1473,53921.71
1474,53791.934
1475,53629.14
1476,53612.41
1477,54241.207
1478,55582.59
1479,57364.453
1480,59464.844
1481,62022.203
1482,64817.883
1483,66748.26
1484,67069.2
1485,65877.74
1486,64060.797
1487,61774.332
1488,59542.414
1489,53571.09
1490,51835.895
1491,50439.152
1492,49636.266
1493,49851.438
1494,50774.375
1495,52073.09
1496,54836.57
1497,59996.03
1498,63836.746
1499,64140.547
1500,62867.29
1501,63052.54
1502,64372.496
1503,66218.79
1504,68183.586
1505,69764.72
1506,70446.65
1507,69578.664
1508,68710.76
1509,67488.09
1510,65882.62
1511,64346.355
1512,62425.45
1513,58882.316
1514,56360.586
1515,54760.652
1516,53784.875
1517,53173.266
1518,52896.508
1519,52722.715
1520,52844.305
1521,53083.258
1522,53238.562
1523,53385.887
1524,53522.375
1525,53762.484
1526,54237.887
1527,54668.996
1528,55010.016
1529,55555.133
1530,56315.01
1531,57369.25
1532,58827.637
1533,60321.5
1534,60979.68
1535,61187.727
1536,59830.754
1537,57717.266
1538,55715.387
1539,53815.43
1540,52171.89
1541,51328.492
1542,50782.84
1543,50523.42
1544,50540.973
1545,50668.523
1546,50653.28
1547,50571.39
1548,51237.85
1549,52052.87
1550,53310.848
1551,55199.812
1552,57197.652
1553,59702.58
1554,62117.176
1555,63929.625
1556,65021.63
1557,65176.81
1558,63992.12
1559,61186.418
1560,57942.906
1561,53522.387
1562,51954.207
1563,50718.742
1564,49939.75
1565,50125.9
1566,51157.86
1567,52806.06
1568,57869.09
1569,64031.383
1570,67947.484
1571,67122.88
1572,66137.2
1573,66949.39
1574,68893.76
1575,71663.97
1576,74059.11
1577,76105.375
1578,76826.9
1579,76083.13
1580,74624.086
1581,73336.12
1582,71923.99
1583,68346.39
1584,64981.117
1585,62142.62
1586,59857.9
1587,57779.36
1588,56476.95
1589,56311.35
1590,57957.613
1591,59995.617
1592,63825.938
1593,69181.8
1594,74225.01
1595,74979.195
1596,74296.195
1597,74611.0
1598,75921.98
1599,77829.68
1600,79801.57
1601,81662.664
1602,82077.1
1603,81770.33
1604,81056.09
1605,79308.33
1606,76625.68
1607,72123.29
1608,67481.52
1609,63965.305
1610,60573.848
1611,58166.227
1612,56553.14
1613,55786.496
1614,56554.105
1615,57624.75
1616,60607.008
1617,65306.137
1618,69614.05
1619,69629.94
1620,68819.055
1621,68977.97
1622,70428.46
1623,72348.46
1624,74375.234
1625,76119.2
1626,77379.03
1627,76945.1
1628,75252.23
1629,73034.305
1630,71236.26
1631,68264.95
1632,64122.777
1633,61139.004
1634,58915.55
1635,56867.832
1636,55442.45
1637,54846.543
1638,55462.51
1639,56918.71
1640,59731.008
1641,64409.938
1642,69130.92
1643,70660.234
1644,70018.75
1645,70497.555
1646,72145.58
1647,74240.05
1648,76181.43
1649,77906.96
1650,79254.445
1651,79576.76
1652,78814.83
1653,77280.266
1654,75186.484
1655,73048.44
1656,68733.81
1657,64508.6
1658,61422.89
1659,59314.85
1660,57191.164
1661,55747.31
1662,55347.066
1663,56580.918
1664,59022.742
1665,63046.63
1666,67763.39
1667,72462.23
1668,72114.51
1669,72300.79
1670,73920.29
1671,75731.76
1672,77873.96
1673,80017.06
1674,81527.73
1675,80969.73
1676,80160.89
1677,78563.125
1678,76445.266
1679,72143.51
1680,67563.32
1681,63032.035
1682,60099.953
1683,58260.508
1684,57110.438
1685,56429.43
1686,56346.277
1687,56604.684
1688,57161.51
1689,58549.02
1690,60398.7
1691,61758.89
1692,62760.19
1693,63442.742
1694,64309.945
1695,65163.426
1696,66100.38
1697,67279.19
1698,68074.58
1699,68820.555
1700,69518.68
1701,69492.445
1702,68059.945
1703,65448.82
1704,61142.066
1705,58224.074
1706,55497.5
1707,53550.812
1708,52131.727
1709,51367.06
1710,51025.996
1711,50983.875
1712,51475.965
1713,51837.367
1714,51941.246
1715,52566.13
1716,53181.31
1717,54558.9
1718,56163.387
1719,57786.465
1720,60108.395
1721,62333.25
1722,64188.562
1723,65461.113
1724,65973.4
1725,65755.85
1726,64161.527
1727,60978.527
1728,57999.17
1729,53673.598
1730,51699.535
1731,50672.27
1732,49937.53
1733,49896.242
1734,50547.902
1735,51709.83
1736,55251.96
1737,60997.273
1738,65093.688
1739,64702.266
1740,63887.23
1741,64803.645
1742,66226.3
1743,68291.45
1744,70480.18
1745,71920.375
1746,72696.02
1747,72045.48
1748,70909.65
1749,69403.74
1750,68116.9
1751,66162.734
1752,63467.168
1753,60524.17
1754,58299.55
1755,56363.105
1756,55083.887
1757,54463.332
1758,54814.625
1759,55907.9
1760,58525.594
1761,63147.47
1762,67753.36
1763,69203.72
1764,68680.2
1765,69066.15
1766,70742.78
1767,73417.38
1768,75533.85
1769,77574.69
1770,79186.74
1771,79339.59
1772,78341.28
1773,76760.17
1774,75012.375
1775,72570.65
1776,67610.44
1777,63741.58
1778,60755.25
1779,58955.938
1780,56611.277
1781,55724.97
1782,56254.61
1783,58008.52
1784,60890.098
1785,65518.38
1786,70733.836
1787,73564.15
1788,72984.766
1789,73373.62
1790,75176.26
1791,77160.46
1792,79488.51
1793,81651.44
1794,83296.43
1795,83686.86
1796,83276.83
1797,82237.19
1798,80687.59
1799,78754.78
1800,74697.84
1801,70019.78
1802,66441.805
1803,63774.688
1804,61250.918
1805,59452.492
1806,57994.773
1807,57418.68
1808,58508.492
1809,61642.113
1810,66460.31
1811,72306.4
1812,75098.44
1813,75211.695
1814,76004.59
1815,77550.87
1816,79448.1
1817,81300.7
1818,82662.39
1819,82866.945
1820,82513.76
1821,81613.8
1822,79465.805
1823,76422.44
1824,71374.44
1825,67149.5
1826,64105.63
1827,60966.68
1828,58919.992
1829,57311.348
1830,56622.906
1831,57248.566
1832,59340.53
1833,63215.688
1834,67678.98
1835,72580.09
1836,73015.82
1837,73494.26
1838,74930.58
1839,76843.45
1840,79047.62
1841,81319.08
1842,82831.42
1843,82848.61
1844,82508.96
1845,81651.805
1846,79803.2
1847,76138.11
1848,71255.266
1849,66246.78
1850,62779.453
1851,61097.22
1852,60085.53
1853,59661.598
1854,59760.84
1855,60419.242
1856,62138.406
1857,63622.984
1858,64385.55
1859,64911.9
1860,65219.387
1861,65303.586
1862,65344.934
1863,65326.23
1864,65241.44
1865,64860.81
1866,64260.656
1867,63396.88
1868,62462.04
1869,62024.844
1870,62013.754
1871,62374.074
1872,62767.83
1873,63232.35
1874,63573.582
1875,63748.305
1876,63718.91
1877,63547.117
1878,63256.844
1879,62802.73
1880,62277.42
1881,61904.844
1882,62066.465
1883,62963.824
1884,64364.87
1885,65400.71
1886,66186.19
1887,67229.305
1888,68384.914
1889,69686.75
1890,70943.46
1891,71975.695
1892,72658.695
1893,72544.55
1894,71619.79
1895,68657.31
1896,64752.15
1897,59070.926
1898,56321.848
1899,54639.19
1900,53586.37
1901,53788.91
1902,55698.184
1903,58617.42
1904,64538.285
1905,71530.14
1906,75914.984
1907,77488.28
1908,77022.89
1909,77228.53
1910,78391.79
1911,80136.98
1912,81489.52
1913,81780.56
1914,81581.54
1915,80987.16
1916,79387.66
1917,76842.33
1918,72762.336
1919,69013.055
1920,66506.01
1921,63017.48
1922,59983.824
1923,58053.43
1924,56945.133
1925,56205.12
1926,56407.37
1927,57232.2
1928,60064.082
1929,65446.113
1930,68708.08
1931,68368.11
1932,67915.516
1933,68324.54
1934,69560.88
1935,71290.54
1936,73048.7
1937,74538.81
1938,74573.34
1939,74172.71
1940,73106.02
1941,71447.11
1942,69031.03
1943,65927.63
1944,62848.836
1945,59796.293
1946,57627.52
1947,56033.938
1948,55245.05
1949,55519.523
1950,56393.727
1951,58068.004
1952,62174.625
1953,67150.77
1954,70048.39
1955,69379.55
1956,68661.23
1957,69552.16
1958,71195.83
1959,73219.61
1960,74969.74
1961,76556.32
1962,77884.086
1963,77405.6
1964,76250.875
1965,74459.92
1966,72532.875
1967,70050.38
1968,66212.59
1969,62803.87
1970,60204.098
1971,58428.11
1972,56287.58
1973,55319.17
1974,55370.117
1975,56779.26
1976,59242.73
1977,63569.6
1978,68510.7
1979,72512.086
1980,71992.016
1981,71798.336
1982,73077.58
1983,74846.83
1984,76762.15
1985,78631.28
1986,80150.7
1987,79828.836
1988,79202.56
1989,77943.9
1990,75821.734
1991,72662.234
1992,68092.984
1993,64364.754
1994,61047.39
1995,59013.812
1996,57087.086
1997,56018.355
1998,56258.723
1999,57580.324
2000,60120.47
2001,64955.12
2002,70071.695
2003,72297.234
2004,71459.945
2005,71714.87
2006,73215.15
2007,75024.05
2008,76816.21
2009,78463.72
2010,79811.23
2011,79739.76
2012,79041.73
2013,77492.21
2014,75516.74
2015,72914.54
2016,68461.48
2017,63539.355
2018,59939.797
2019,57823.016
2020,56225.86
2021,55192.1
2022,54732.13
2023,54661.37
2024,55301.88
2025,56290.133
2026,58628.25
2027,60557.67
2028,62093.285
2029,63537.508
2030,65284.66
2031,67540.64
2032,69375.84
2033,70775.21
2034,71957.01
2035,73137.195
2036,73097.11
2037,71340.17
2038,66967.09
2039,62844.15
2040,60411.03
2041,58206.125
2042,56445.438
2043,55735.945
2044,55494.72
2045,55754.656
2046,56164.17
2047,57566.79
2048,60315.164
2049,62347.305
2050,63305.695
2051,63795.742
2052,64165.86
2053,64544.246
2054,65116.438
2055,65697.57
2056,66238.6
2057,66680.7
2058,67143.92
2059,67666.78
2060,68150.45
2061,68475.39
2062,68469.77
2063,67945.02
2064,66540.055
2065,59835.613
2066,56578.26
2067,55366.34
2068,54257.2
2069,54320.023
2070,55645.855
2071,57966.562
2072,62943.418
2073,70527.63
2074,75567.83
2075,77797.08
2076,77254.58
2077,77559.04
2078,79180.98
2079,81300.805
2080,83028.02
2081,83479.82
2082,83567.47
2083,83365.68
2084,82613.734
2085,81030.336
2086,77162.42
2087,72412.336
2088,69249.69
2089,66445.87
2090,63315.81
2091,60875.52
2092,59399.54
2093,59001.887
2094,59511.418
2095,61182.8
2096,65086.547
2097,70774.33
2098,75625.63
2099,78785.41
2100,79871.97
2101,80408.664
2102,81075.84
2103,81684.15
2104,82073.19
2105,82269.51
2106,82226.805
2107,81786.86
2108,81084.65
2109,80438.42
2110,79585.99
2111,78480.76
2112,77227.14
2113,75647.36
2114,73873.09
2115,71961.35
2116,70187.14
2117,68498.64
2118,66762.836
2119,65283.707
2120,64580.008
2121,65102.14
2122,67471.164
2123,71993.63
2124,76912.32
2125,80121.95
2126,81433.26
2127,82280.88
2128,83027.25
2129,83701.96
2130,84166.086
2131,84230.54
2132,83691.195
2133,82382.86
2134,79619.164
2135,75546.63
2136,71544.664
2137,68051.984
2138,64687.66
2139,61674.71
2140,59795.715
2141,59064.965
2142,59429.758
2143,60957.945
2144,64566.496
2145,71758.39
2146,77544.21
2147,80046.45
2148,80973.28
2149,81694.16
2150,82918.555
2151,84468.086
2152,85619.66
2153,86484.85
2154,86884.164
2155,86923.68
2156,86138.16
2157,84716.305
2158,81817.0
2159,77494.47
2160,73346.34
2161,69898.38
2162,67334.83
2163,64398.33
2164,62027.125
2165,60496.16
2166,59924.938
2167,60226.766
2168,61836.906
2169,65347.473
2170,71332.29
2171,76242.74
2172,79506.38
2173,80591.164
2174,81236.84
2175,81878.92
2176,82795.31
2177,83472.69
2178,83972.14
2179,84454.07
2180,84405.984
2181,83477.79
2182,81764.07
2183,78134.984
2184,73249.68
2185,67092.4
2186,63061.406
2187,61462.848
2188,60490.176
2189,60198.51
2190,60610.656
2191,61714.805
2192,63594.18
2193,65258.727
2194,66292.7
2195,67391.914
2196,68476.26
2197,69857.65
2198,71433.68
2199,73061.8
2200,74618.35
2201,76025.34
2202,77284.89
2203,78225.64
2204,78637.07
2205,78174.734
2206,76973.25
2207,75009.14
2208,72772.26
2209,70048.82
2210,67428.78
2211,65286.76
2212,63600.785
2213,62384.664
2214,61510.35
2215,60957.617
2216,61053.098
2217,61506.516
2218,62472.81
2219,63760.816
2220,64906.49
2221,66013.875
2222,67045.875
2223,67926.1
2224,68887.48
2225,69967.055
2226,71034.086
2227,71898.164
2228,72433.73
2229,72410.56
2230,72103.24
2231,71211.27
2232,69676.9
2233,63113.938
2234,59373.727
2235,57959.03
2236,57041.055
2237,57261.938
2238,58659.188
2239,60689.37
2240,64851.523
2241,71713.89
2242,75813.555
2243,78924.19
2244,80833.914
2245,81599.734
2246,82047.99
2247,82216.64
2248,82186.84
2249,81832.55
2250,81118.96
2251,79748.984
2252,77499.555
2253,74799.266
2254,72818.76
2255,72168.055
2256,73632.15
2257,72232.0
2258,70887.36
2259,69577.875
2260,68207.23
2261,67238.48
2262,66655.52
2263,66428.28
2264,66756.305
2265,67717.34
2266,69519.69
2267,72471.81
2268,75373.984
2269,77904.22
2270,79503.71
2271,80551.12
2272,80781.24
2273,80685.67
2274,80388.75
2275,79463.5
2276,78228.33
2277,76222.33
2278,73583.59
2279,70848.125
2280,68334.84
2281,65784.68
2282,63846.812
2283,62727.715
2284,62370.254
2285,62628.875
2286,63538.773
2287,65700.69
2288,68703.125
2289,72666.67
2290,76290.2
2291,78516.29
2292,79824.25
2293,80567.484
2294,81275.94
2295,82007.85
2296,82707.51
2297,83175.11
2298,83420.984
2299,83117.13
2300,82129.05
2301,79864.36
2302,76410.625
2303,72547.18
2304,69181.73
2305,66096.68
2306,62831.39
2307,60411.676
2308,59216.445
2309,58969.62
2310,59706.613
2311,61855.61
2312,65956.23
2313,72368.73
2314,76708.11
2315,79258.836
2316,80123.86
2317,80887.914
2318,81645.945
2319,82325.875
2320,82892.875
2321,83255.164
2322,83491.39
2323,83225.16
2324,82289.266
2325,80447.38
2326,76722.484
2327,72287.47
2328,68770.79
2329,65339.207
2330,61950.145
2331,59838.957
2332,58904.684
2333,58643.23
2334,59289.69
2335,61526.082
2336,65753.04
2337,72540.14
2338,77261.78
2339,79034.67
2340,79854.914
2341,80708.48
2342,81737.23
2343,82787.45
2344,83677.36
2345,84483.625
2346,85001.11
2347,85007.37
2348,84086.59
2349,82541.0
2350,78903.06
2351,74020.39
2352,69841.58
2353,65545.21
2354,62297.88
2355,60514.668
2356,59472.664
2357,58895.36
2358,58716.08
2359,59046.457
2360,60560.59
2361,63206.902
2362,64960.51
2363,66165.39
2364,67510.28
2365,69022.266
2366,70678.86
2367,72278.85
2368,73741.39
2369,74892.61
2370,76114.38
2371,77002.08
2372,77208.516
2373,76594.52
2374,74805.7
2375,71338.836
2376,67202.27
2377,63936.707
2378,61914.688
2379,60229.547
2380,58775.055
2381,57750.16
2382,57243.562
2383,57229.98
2384,57861.527
2385,59547.734
2386,62430.457
2387,64675.72
2388,65998.23
2389,67072.07
2390,68247.88
2391,69656.37
2392,71129.086
2393,72565.266
2394,73984.305
2395,75087.82
2396,75642.47
2397,75295.2
2398,74233.805
2399,72103.67
2400,69298.99
2401,63199.16
2402,59502.074
2403,57242.996
2404,55858.42
2405,55497.438
2406,56905.523
2407,59237.426
2408,63967.773
2409,71929.78
2410,77392.234
2411,79925.22
2412,80134.875
2413,81149.91
2414,82894.336
2415,84363.98
2416,85227.15
2417,85854.5
2418,86012.78
2419,85448.695
2420,84304.33
2421,81460.02
2422,77696.96
2423,74087.06
2424,71554.0
2425,68330.54
2426,65488.09
2427,62908.36
2428,61216.066
2429,60848.07
2430,61549.914
2431,63694.395
2432,68503.1
2433,74185.34
2434,78480.37
2435,81065.5
2436,82183.875
2437,83192.17
2438,83859.96
2439,84388.875
2440,84817.54
2441,84772.945
2442,84251.49
2443,83080.24
2444,80102.32
2445,76014.28
2446,71783.68
2447,68179.12
2448,64964.08
2449,62789.402
2450,61618.16
2451,61816.688
2452,63309.492
2453,66804.5
2454,71971.76
2455,76288.33
2456,79412.625
2457,81181.58
2458,82010.25
2459,82642.65
2460,83152.17
2461,83608.37
2462,84104.3
2463,84630.92
2464,85021.17
2465,85389.71
2466,85344.56
2467,84728.65
2468,83050.91
2469,80730.125
2470,77858.09
2471,74772.97
2472,71972.29
2473,69466.39
2474,67266.24
2475,65687.414
2476,64413.02
2477,63964.125
2478,64445.17
2479,66286.945
2480,70148.21
2481,73858.19
2482,77412.336
2483,79473.05
2484,80513.195
2485,80859.36
2486,80623.32
2487,79985.836
2488,79338.31
2489,78890.39
2490,78839.39
2491,79201.93
2492,79738.73
2493,80096.12
2494,80061.0
2495,79613.14
2496,78827.11
2497,77698.84
2498,76109.195
2499,74269.25
2500,71832.9
2501,69851.43
2502,68071.63
2503,66650.39
2504,66250.73
2505,67251.76
2506,70002.14
2507,74202.14
2508,78579.38
2509,81485.26
2510,82729.09
2511,83635.88
2512,84528.97
2513,85245.914
2514,85686.7
2515,85739.18
2516,85191.05
2517,83849.76
2518,80985.14
2519,77077.82
2520,72980.2
2521,67835.2
2522,64253.83
2523,62634.043
2524,61782.453
2525,61545.754
2526,61843.47
2527,63093.62
2528,64942.88
2529,66643.9
2530,67795.7
2531,68572.25
2532,69346.055
2533,70306.23
2534,71407.66
2535,72667.89
2536,74002.85
2537,75365.87
2538,76586.32
2539,77608.36
2540,78255.34
2541,78495.54
2542,78086.34
2543,77256.98
2544,75819.164
2545,74017.51
2546,71890.28
2547,69589.445
2548,67421.21
2549,65513.945
2550,63982.19
2551,62980.94
2552,62384.633
2553,62434.33
2554,63355.676
2555,65090.477
2556,66975.086
2557,68960.85
2558,70589.26
2559,72127.97
2560,73791.33
2561,75412.625
2562,76956.26
2563,78325.484
2564,79356.21
2565,79894.27
2566,79376.83
2567,78131.2
2568,76032.04
2569,69884.69
2570,64044.31
2571,61183.363
2572,59398.89
2573,58791.57
2574,59242.93
2575,60484.977
2576,63538.65
2577,71681.16
2578,78003.29
2579,82938.49
2580,84231.41
2581,85148.21
2582,86338.586
2583,87249.74
2584,88163.76
2585,88449.766
2586,88361.055
2587,87552.97
2588,85790.32
2589,83205.05
2590,80546.02
2591,77893.086
2592,76266.06
2593,73924.24
2594,71747.03
2595,69846.08
2596,68408.96
2597,67676.19
2598,67844.46
2599,69012.87
2600,70981.516
2601,73392.73
2602,76207.04
2603,78498.93
2604,80687.88
2605,82164.03
2606,83226.5
2607,84160.63
2608,84844.46
2609,85164.016
2610,85073.85
2611,84739.9
2612,83936.52
2613,82668.234
2614,80870.13
2615,78266.27
2616,75571.61
2617,73210.6
2618,71020.56
2619,69285.51
2620,68063.766
2621,67322.71
2622,67702.76
2623,69331.93
2624,71703.664
2625,74948.59
2626,78407.32
2627,81628.35
2628,84281.06
2629,85728.97
2630,87067.65
2631,88237.82
2632,89203.05
2633,89724.875
2634,89782.77
2635,89378.13
2636,88313.9
2637,85733.99
2638,82684.33
2639,78568.39
2640,74251.68
2641,70906.13
2642,67929.05
2643,65469.227
2644,63478.086
2645,62438.523
2646,62547.54
2647,63606.016
2648,67122.016
2649,73990.77
2650,80116.18
2651,84336.766
2652,85858.14
2653,87283.1
2654,88695.984
2655,90054.95
2656,90835.6
2657,91161.9
2658,91037.49
2659,90498.555
2660,88959.305
2661,85655.64
2662,81943.72
2663,77255.234
2664,73220.734
2665,69958.77
2666,67154.25
2667,64744.863
2668,62743.55
2669,61890.34
2670,62200.1
2671,63583.523
2672,67902.37
2673,74773.89
2674,80697.13
2675,84350.4
2676,85660.03
2677,86985.78
2678,88299.58
2679,89559.78
2680,90331.61
2681,90367.12
2682,89820.22
2683,88582.77
2684,85741.76
2685,82194.85
2686,77490.586
2687,73445.914
2688,70331.44
2689,66801.57
2690,65273.688
2691,64924.414
2692,65977.945
2693,68090.805
2694,70123.55
2695,71636.8
2696,73046.875
2697,74370.11
2698,75675.2
2699,76977.92
2700,78219.055
2701,79350.65
2702,80338.77
2703,81130.87
2704,81811.016
2705,82375.66
2706,82652.78
2707,82227.055
2708,81523.125
2709,80210.7
2710,78572.11
2711,76718.86
2712,75020.96
2713,73385.484
2714,72097.2
2715,71205.03
2716,70713.305
2717,70573.266
2718,70655.53
2719,70939.72
2720,71692.85
2721,72700.69
2722,73947.56
2723,75428.195
2724,76858.23
2725,78023.36
2726,79316.37
2727,80618.41
2728,81833.945
2729,82885.09
2730,83704.05
2731,83940.51
2732,83601.445
2733,82411.42
2734,80512.42
2735,77834.83
2736,75036.086
2737,68723.24
2738,63433.508
2739,60674.086
2740,59124.48
2741,58639.043
2742,59287.113
2743,61005.086
2744,65128.953
2745,73335.71
2746,79149.96
2747,83379.914
2748,84552.96
2749,85536.945
2750,86702.04
2751,87697.21
2752,88636.52
2753,88973.45
2754,88891.195
2755,88252.8
2756,86677.08
2757,83820.4
2758,80776.21
2759,77371.125
2760,74821.086
2761,71812.43
2762,68995.95
2763,66834.99
2764,65263.56
2765,64327.992
2766,64648.76
2767,66224.2
2768,70116.695
2769,74687.49
2770,79081.89
2771,82225.92
2772,84094.586
2773,85453.3
2774,86719.37
2775,87856.28
2776,88916.39
2777,89620.3
2778,89879.6
2779,89691.94
2780,88983.14
2781,87077.71
2782,84053.71
2783,80411.48
2784,76163.39
2785,72538.29
2786,69376.6
2787,66631.305
2788,64422.844
2789,62923.07
2790,62698.18
2791,63602.08
2792,66502.02
2793,72562.98
2794,78741.555
2795,83140.195
2796,84875.14
2797,86396.13
2798,87852.21
2799,89371.51
2800,90431.61
2801,91069.414
2802,91288.4
2803,91182.65
2804,90414.17
2805,88184.3
2806,84790.98
2807,80776.08
2808,76392.53
2809,72712.22
2810,69823.93
2811,67147.68
2812,65149.344
2813,63612.598
2814,63363.86
2815,64003.902
2816,66486.164
2817,71783.59
2818,77933.3
2819,82713.586
2820,85230.22
2821,86794.086
2822,88255.03
2823,89766.14
2824,90867.35
2825,91482.74
2826,91738.04
2827,91653.516
2828,90933.37
2829,88693.67
2830,85573.84
2831,81950.41
2832,77695.555
2833,74203.86
2834,71533.25
2835,68778.69
2836,66686.72
2837,65335.832
2838,64747.95
2839,65137.91
2840,67127.28
2841,71689.86
2842,77570.17
2843,82521.77
2844,85622.484
2845,87226.41
2846,88793.18
2847,90222.33
2848,91288.73
2849,91938.234
2850,92110.65
2851,92014.85
2852,90973.04
2853,88342.5
2854,85364.81
2855,81674.484
2856,77475.51
2857,75668.914
2858,72501.67
2859,70319.11
2860,69348.086
2861,69464.85
2862,70414.62
2863,71770.93
2864,73380.664
2865,74850.27
2866,76125.9
2867,77557.734
2868,78978.42
2869,80377.87
2870,81849.44
2871,83279.41
2872,84616.45
2873,85836.33
2874,86747.53
2875,87073.79
2876,86789.16
2877,85743.32
2878,83873.734
2879,81293.17
2880,77991.11
2881,74553.266
2882,71131.766
2883,68559.875
2884,66572.69
2885,65147.254
2886,64310.594
2887,63798.09
2888,64247.473
2889,66308.555
2890,69179.49
2891,71962.98
2892,74323.3
2893,76638.375
2894,78970.17
2895,81248.45
2896,83237.414
2897,84764.0
2898,85863.945
2899,86326.68
2900,86141.84
2901,85315.055
2902,83522.945
2903,80958.06
2904,77707.93
2905,71506.84
2906,66038.48
2907,62254.035
2908,60208.51
2909,59501.145
2910,60082.42
2911,60915.883
2912,63607.33
2913,71334.79
2914,78668.93
2915,84475.14
2916,86253.97
2917,87135.8
2918,88619.805
2919,90201.56
2920,90974.82
2921,91162.586
2922,90742.79
2923,89573.39
2924,86681.13
2925,82791.39
2926,77837.75
2927,73474.945
2928,70455.15
2929,67075.87
2930,64266.938
2931,62164.637
2932,61551.418
2933,61851.605
2934,63683.66
2935,67628.13
2936,73728.11
2937,78629.49
2938,82423.73
2939,83902.586
2940,85042.15
2941,86256.7
2942,87564.07
2943,88929.555
2944,89891.89
2945,90505.945
2946,90678.35
2947,90559.555
2948,89885.445
2949,88043.36
2950,84626.91
2951,80349.734
2952,75777.945
2953,71899.12
2954,68907.125
2955,66127.586
2956,63800.918
2957,62106.14
2958,61769.758
2959,62283.72
2960,64226.77
2961,69961.234
2962,77141.74
2963,82616.12
2964,85230.92
2965,86624.625
2966,88119.81
2967,89684.37
2968,90914.43
2969,91642.15
2970,91890.29
2971,91702.35
2972,91015.85
2973,89073.75
2974,85391.88
2975,80919.13
2976,76116.02
2977,72064.51
2978,69002.43
2979,66186.055
2980,63821.7
2981,62099.98
2982,61740.715
2983,62141.9
2984,63984.055
2985,69095.8
2986,75888.016
2987,81708.51
2988,84550.086
2989,85620.41
2990,86693.914
2991,87741.984
2992,88845.336
2993,89518.08
2994,89575.46
2995,89120.84
2996,87968.83
2997,85394.32
2998,81946.41
2999,77571.81
3000,73347.766
3001,69767.805
3002,66762.03
3003,64142.707
3004,62250.246
3005,61557.016
3006,61859.094
3007,63280.188
3008,67116.67
3009,73612.875
3010,79190.95
3011,83131.65
3012,84557.49
3013,85822.89
3014,86903.07
3015,88601.32
3016,89718.19
3017,90440.54
3018,90746.91
3019,90556.79
3020,89729.16
3021,88036.695
3022,84555.48
3023,79825.055
3024,75003.875
3025,72317.055
3026,67875.6
3027,65010.895
3028,63479.582
3029,62750.07
3030,62687.48
3031,63246.906
3032,64995.59
3033,67698.5
3034,69692.42
3035,71421.86
3036,73385.555
3037,75455.4
3038,77668.43
3039,79768.195
3040,81402.07
3041,82525.51
3042,83359.45
3043,83792.53
3044,83427.76
3045,82777.32
3046,80852.59
3047,77786.266
3048,74010.45
3049,70354.06
3050,67646.45
3051,65808.21
3052,64537.766
3053,63731.145
3054,63325.88
3055,63493.9
3056,64610.727
3057,66911.63
3058,69125.78
3059,71315.85
3060,73025.58
3061,74857.7
3062,76775.4
3063,78646.02
3064,80449.266
3065,82027.74
3066,83278.67
3067,84043.984
3068,84027.445
3069,83473.68
3070,81943.73
3071,79354.625
3072,76042.66
3073,69565.28
3074,64211.168
3075,60994.67
3076,59195.297
3077,58336.516
3078,58845.22
3079,60141.598
3080,63534.27
3081,71463.08
3082,78671.06
3083,83571.4
3084,84506.17
3085,85151.86
3086,86839.48
3087,88854.84
3088,90507.72
3089,91282.766
3090,91600.0
3091,91508.414
3092,90921.984
3093,89175.46
3094,85769.88
3095,81809.14
3096,77845.61
3097,73747.984
3098,70362.06
3099,67636.484
3100,65167.547
3101,63221.082
3102,62371.547
3103,62603.816
3104,64171.566
3105,68672.13
3106,75525.305
3107,81705.734
3108,84728.75
3109,86243.12
3110,87763.85
3111,89529.31
3112,90964.055
3113,91762.914
3114,92115.77
3115,92050.24
3116,91515.81
3117,89811.586
3118,86179.69
3119,81644.49
3120,76748.055
3121,72581.125
3122,69331.12
3123,66437.84
3124,63973.53
3125,62086.07
3126,61611.996
3127,61966.99
3128,63924.957
3129,69362.734
3130,76871.8
3131,82667.69
3132,85049.42
3133,85961.734
3134,87185.8
3135,89087.87
3136,90588.47
3137,91273.03
3138,91485.56
3139,91234.08
3140,90282.17
3141,88015.67
3142,83968.7
3143,79021.195
3144,74487.81
3145,68762.734
3146,66315.555
3147,64922.906
3148,63966.26
3149,63594.76
3150,63904.176
3151,64817.098
3152,66420.49
3153,68688.516
3154,71208.6
3155,73564.23
3156,75870.164
3157,77814.01
3158,79647.41
3159,81479.48
3160,83155.08
3161,84442.85
3162,84908.484
3163,84555.51
3164,83604.66
3165,82074.016
3166,79723.06
3167,77173.77
3168,74518.73
3169,69438.0
3170,64024.953
3171,61740.703
3172,60938.0
3173,60605.156
3174,60908.824
3175,62021.582
3176,65737.01
3177,73691.055
3178,80246.52
3179,84223.85
3180,84520.04
3181,85252.61
3182,87017.4
3183,88980.484
3184,89787.234
3185,90110.39
3186,89877.984
3187,89010.68
3188,87225.56
3189,83642.81
3190,79364.23
3191,75459.94
3192,72674.2
3193,69448.58
3194,65953.03
3195,64144.95
3196,63352.79
3197,63401.137
3198,64472.84
3199,66586.05
3200,68441.07
3201,69886.734
3202,71262.64
3203,72894.484
3204,74656.04
3205,76304.49
3206,77920.47
3207,79473.42
3208,80876.125
3209,81899.305
3210,82722.59
3211,82826.55
3212,82172.23
3213,80602.49
3214,77700.79
3215,74042.445
3216,70119.14
3217,67079.4
3218,64916.3
3219,63234.91
3220,62129.824
3221,61399.477
3222,61106.46
3223,61413.887
3224,62908.523
3225,64974.082
3226,67314.98
3227,69590.12
3228,71390.664
3229,73551.21
3230,75715.12
3231,77747.445
3232,79439.016
3233,80967.234
3234,82156.96
3235,82644.516
3236,82428.84
3237,81379.65
3238,79038.414
3239,75552.1
3240,71499.33
3241,65631.06
3242,61279.117
3243,58729.18
3244,57495.0
3245,57039.35
3246,58453.68
3247,60765.258
3248,65324.96
3249,73733.25
3250,80214.16
3251,83496.29
3252,83445.64
3253,84193.74
3254,86330.914
3255,88256.29
3256,89935.08
3257,90617.6
3258,90907.41
3259,90669.01
3260,89633.98
3261,87385.195
3262,83437.766
3263,79105.52
3264,75524.83
3265,71769.01
3266,68879.484
3267,66203.74
3268,64073.523
3269,62627.03
3270,62481.38
3271,63222.62
3272,65883.01
3273,71933.29
3274,79045.62
3275,83993.445
3276,86078.4
3277,87823.58
3278,89475.914
3279,90995.24
3280,91839.49
3281,92241.016
3282,92176.33
3283,91770.88
3284,90103.766
3285,86855.945
3286,83376.12
3287,79054.63
3288,75356.4
3289,72710.68
3290,70333.07
3291,68151.78
3292,66698.77
3293,65912.38
3294,65822.66
3295,66676.79
3296,68552.53
3297,71566.555
3298,75238.54
3299,78835.68
3300,81653.38
3301,83754.13
3302,85318.52
3303,86354.17
3304,87219.54
3305,87956.89
3306,88705.31
3307,89159.664
3308,89207.71
3309,88848.555
3310,87544.33
3311,85358.34
3312,82623.32
3313,78935.805
3314,75458.79
3315,72951.18
3316,70715.2
3317,68898.984
3318,67691.94
3319,67236.26
3320,68178.94
3321,71279.55
3322,76022.52
3323,80559.88
3324,83830.305
3325,85995.65
3326,87411.164
3327,88526.33
3328,89081.125
3329,89130.31
3330,88475.336
3331,86596.17
3332,84087.58
3333,81066.99
3334,77306.29
3335,74098.414
3336,71230.07
3337,68519.32
3338,66583.02
3339,64984.4
3340,64117.848
3341,64332.812
3342,65545.97
3343,68483.875
3344,72375.516
3345,76080.98
3346,79610.6
3347,82465.516
3348,83859.86
3349,85053.35
3350,86235.44
3351,87343.0
3352,88537.35
3353,89327.375
3354,89549.09
3355,89330.23
3356,88385.45
3357,86590.31
3358,83093.984
3359,78419.02
3360,73785.05
3361,70076.43
3362,66092.516
3363,63804.633
3364,62663.418
3365,62320.367
3366,62572.4
3367,63665.562
3368,65606.086
3369,67652.12
3370,69047.3
3371,70537.08
3372,72190.164
3373,73941.0
3374,75584.805
3375,77228.914
3376,78836.6
3377,80256.98
3378,81407.07
3379,82172.336
3380,81924.31
3381,81239.27
3382,79242.0
3383,75983.61
3384,72012.57
3385,68161.53
3386,65313.965
3387,63255.26
3388,61620.863
3389,60369.586
3390,59401.203
3391,59087.027
3392,59724.355
3393,61356.695
3394,63846.63
3395,66497.34
3396,68652.3
3397,70643.69
3398,72908.55
3399,75108.875
3400,77136.9
3401,78849.09
3402,80408.38
3403,81528.305
3404,81562.31
3405,81071.77
3406,79141.805
3407,75726.85
3408,71507.484
3409,65349.742
3410,61072.637
3411,58349.293
3412,57138.84
3413,56720.715
3414,58190.746
3415,60591.11
3416,64724.992
3417,72058.75
3418,78296.06
3419,82667.92
3420,83588.055
3421,83816.695
3422,85257.695
3423,87126.48
3424,88269.47
3425,88969.69
3426,89130.14
3427,88653.234
3428,87394.73
3429,84795.99
3430,80873.34
3431,76443.164
3432,73141.51
3433,69587.13
3434,66579.78
3435,63993.043
3436,61879.656
3437,61065.156
3438,61366.57
3439,62958.156
3440,66902.56
3441,73177.42
3442,78165.42
3443,81552.58
3444,82714.46
3445,83627.45
3446,84363.92
3447,84958.96
3448,85597.516
3449,86138.37
3450,86385.15
3451,86119.695
3452,85378.14
3453,83806.23
3454,81135.73
3455,77835.31
3456,73959.01
3457,70652.16
3458,67501.73
3459,64678.734
3460,62268.676
3461,60761.914
3462,60317.555
3463,61043.062
3464,63561.76
3465,69974.695
3466,76277.93
3467,79576.64
3468,81088.34
3469,82442.414
3470,83840.53
3471,85368.836
3472,86800.23
3473,87625.03
3474,87966.336
3475,87883.67
3476,87038.44
3477,85522.18
3478,83018.32
3479,78985.87
3480,74617.13
3481,71244.72
3482,68572.94
3483,66009.27
3484,63525.465
3485,61454.746
3486,60343.37
3487,60175.438
3488,61564.973
3489,65663.414
3490,72612.445
3491,78441.41
3492,81094.17
3493,82619.64
3494,83895.92
3495,85458.984
3496,87397.11
3497,88555.02
3498,89132.14
3499,89190.34
3500,88588.914
3501,87230.555
3502,84654.4
3503,80402.54
3504,75409.555
3505,71457.37
3506,68294.75
3507,65256.85
3508,62380.87
3509,60559.426
3510,59890.348
3511,60234.06
3512,62636.9
3513,67887.16
3514,74761.984
3515,80007.47
3516,81832.44
3517,82453.42
3518,83606.99
3519,85433.85
3520,87431.95
3521,88678.25
3522,89205.45
3523,89137.5
3524,88274.44
3525,86472.805
3526,83343.414
3527,78020.65
3528,72816.71
3529,68651.086
3530,64421.902
3531,62190.117
3532,60673.24
3533,59767.758
3534,59201.125
3535,58810.8
3536,59528.56
3537,61340.348
3538,63510.086
3539,64803.96
3540,65841.84
3541,67121.74
3542,68929.125
3543,71035.3
3544,73047.35
3545,74318.11
3546,75464.08
3547,76460.55
3548,76593.35
3549,76142.266
3550,74958.11
3551,71294.75
3552,66300.87
3553,62264.57
3554,58319.812
3555,55632.105
3556,53742.305
3557,53196.383
3558,53469.79
3559,54281.41
3560,55355.87
3561,56957.62
3562,58637.31
3563,60175.45
3564,61420.36
3565,62834.59
3566,64939.23
3567,67021.94
3568,68630.06
3569,69900.78
3570,70822.055
3571,71140.98
3572,70395.03
3573,68867.47
3574,67199.4
3575,65119.24
3576,62840.59
3577,57760.637
3578,53632.156
3579,52194.3
3580,51573.254
3581,51621.445
3582,53123.312
3583,55940.574
3584,60748.27
3585,66563.484
3586,71409.45
3587,74731.34
3588,75337.805
3589,75250.59
3590,75784.17
3591,77070.42
3592,78659.66
3593,80014.54
3594,80370.01
3595,80477.47
3596,80172.86
3597,79617.78
3598,78502.37
3599,76515.67
3600,74841.14
3601,71678.68
3602,67604.305
3603,64131.06
3604,61895.18
3605,61160.996
3606,61757.8
3607,64197.31
3608,67248.42
3609,70893.86
3610,73343.69
3611,75045.516
3612,76508.586
3613,77981.664
3614,79295.3
3615,80382.93
3616,81111.02
3617,81499.08
3618,81534.35
3619,81277.305
3620,80505.805
3621,79063.16
3622,76763.195
3623,74042.96
3624,70568.766
3625,66675.38
3626,63113.9
3627,60805.062
3628,59586.43
3629,59090.676
3630,59931.785
3631,61168.453
3632,63225.902
3633,66335.99
3634,70630.15
3635,73856.42
3636,75685.06
3637,76701.85
3638,78317.9
3639,80071.1
3640,81605.66
3641,82806.27
3642,83396.47
3643,83360.98
3644,82981.83
3645,81879.63
3646,79358.305
3647,75896.38
3648,71599.14
3649,66533.81
3650,62040.09
3651,59407.355
3652,58117.65
3653,58355.895
3654,59930.055
3655,62416.29
3656,65245.875
3657,69391.3
3658,73994.61
3659,77076.195
3660,78346.41
3661,79444.28
3662,80906.625
3663,82250.22
3664,82793.55
3665,83141.47
3666,83011.0
3667,82278.06
3668,81019.914
3669,78688.32
3670,75203.59
3671,70559.56
3672,66592.16
3673,63566.72
3674,61814.586
3675,62107.137
3676,63523.7
3677,65939.43
3678,69121.49
3679,72402.96
3680,75061.24
3681,76676.375
3682,77777.375
3683,78512.195
3684,78928.016
3685,79205.36
3686,79371.86
3687,79499.22
3688,79612.21
3689,79604.195
3690,79434.54
3691,79018.05
3692,78363.08
3693,77570.78
3694,76146.875
3695,74071.7
3696,70832.89
3697,65646.04
3698,63098.734
3699,62040.984
3700,61770.043
3701,61759.207
3702,61889.605
3703,62239.723
3704,62643.9
3705,63121.48
3706,63762.34
3707,64455.707
3708,65517.582
3709,66747.74
3710,67840.625
3711,68980.41
3712,70106.58
3713,71153.28
3714,71938.83
3715,72288.05
3716,71571.2
3717,70055.336
3718,68371.75
3719,66102.734
3720,63706.6
3721,60923.04
3722,58166.117
3723,55285.594
3724,53573.098
3725,52758.11
3726,52635.723
3727,52937.727
3728,53723.055
3729,54753.074
3730,56228.863
3731,58425.523
3732,60400.043
3733,62013.59
3734,64207.38
3735,66727.38
3736,68902.39
3737,70620.44
3738,72162.445
3739,72999.73
3740,72835.93
3741,71178.69
3742,69293.555
3743,66864.67
3744,64394.203
3745,59833.23
3746,55172.035
3747,53084.207
3748,52352.86
3749,52428.5
3750,53887.71
3751,57461.28
3752,63142.457
3753,68507.43
3754,74812.42
3755,77953.62
3756,78386.0
3757,79160.32
3758,81226.05
3759,83402.14
3760,84987.46
3761,85853.3
3762,85763.34
3763,85513.53
3764,84810.44
3765,82955.89
3766,80147.42
3767,77203.67
3768,73746.23
3769,69106.97
3770,64746.16
3771,61531.58
3772,59747.367
3773,59276.91
3774,60423.066
3775,62395.76
3776,65197.3
3777,69379.28
3778,74553.055
3779,78347.84
3780,80414.07
3781,81545.08
3782,83215.51
3783,84807.24
3784,86015.664
3785,86832.33
3786,86865.984
3787,86683.49
3788,86103.164
3789,85000.16
3790,82605.08
3791,78985.25
3792,74858.74
3793,70029.09
3794,65469.94
3795,61822.242
3796,59736.246
3797,58881.844
3798,59787.67
3799,61607.973
3800,64380.02
3801,68010.81
3802,73381.125
3803,77906.44
3804,80288.695
3805,81551.86
3806,83239.02
3807,85027.72
3808,86390.9
3809,86699.45
3810,86632.36
3811,86165.18
3812,85017.086
3813,82258.21
3814,78214.99
3815,72909.13
3816,67599.88
3817,63193.36
3818,60497.758
3819,59321.63
3820,60217.49
3821,62209.312
3822,64897.344
3823,67973.98
3824,72657.04
3825,76324.28
3826,78722.23
3827,80122.82
3828,80840.66
3829,81578.58
3830,82132.195
3831,82402.445
3832,82411.71
3833,82249.875
3834,81799.32
3835,81185.125
3836,80257.414
3837,78605.1
3838,76440.22
3839,73432.93
3840,70570.56
3841,68560.266
3842,67230.195
3843,66806.42
3844,67516.48
3845,68737.91
3846,70468.33
3847,72651.69
3848,74527.72
3849,76071.695
3850,77512.15
3851,78903.516
3852,80072.984
3853,80997.875
3854,81786.44
3855,82421.29
3856,82952.1
3857,83259.555
3858,83248.14
3859,82785.63
3860,81370.555
3861,79161.914
3862,76162.375
3863,72098.86
3864,67998.48
3865,64026.445
3866,62649.605
3867,62626.137
3868,63189.14
3869,64064.477
3870,64834.457
3871,65498.258
3872,66267.49
3873,67151.14
3874,68151.55
3875,69131.29
3876,70164.73
3877,71194.33
3878,72026.78
3879,73044.9
3880,74039.695
3881,74789.984
3882,75094.41
3883,74897.26
3884,73950.07
3885,72321.664
3886,70536.664
3887,68441.234
3888,66058.44
3889,63704.92
3890,61656.3
3891,59742.355
3892,58416.016
3893,57612.97
3894,57424.848
3895,57814.375
3896,58872.926
3897,60527.89
3898,62482.613
3899,64352.156
3900,66307.18
3901,68439.2
3902,70222.19
3903,72246.22
3904,74170.125
3905,75301.59
3906,76048.27
3907,75971.15
3908,74750.86
3909,73079.25
3910,71126.47
3911,69237.06
3912,66887.66
3913,60611.81
3914,55545.746
3915,53183.645
3916,52415.727
3917,52426.67
3918,52915.523
3919,53497.0
3920,54074.664
3921,54834.824
3922,55831.383
3923,56737.938
3924,57747.043
3925,58786.363
3926,59794.195
3927,60836.992
3928,62257.715
3929,63549.34
3930,64419.65
3931,64685.71
3932,64177.49
3933,63275.184
3934,62241.797
3935,61288.273
3936,60463.137
3937,59114.902
3938,57298.875
3939,55464.133
3940,54175.277
3941,53327.176
3942,52899.703
3943,52895.027
3944,53272.895
3945,53881.434
3946,55157.88
3947,57070.414
3948,59141.59
3949,60944.152
3950,62969.645
3951,65366.305
3952,67341.46
3953,68657.14
3954,69389.69
3955,68962.46
3956,67760.48
3957,66045.13
3958,63923.824
3959,62292.914
3960,60632.887
3961,58620.297
3962,56082.164
3963,54144.016
3964,53122.445
3965,52626.113
3966,52527.465
3967,52829.664
3968,53403.67
3969,54468.44
3970,56124.477
3971,58179.1
3972,60284.1
3973,62177.12
3974,64473.887
3975,66623.87
3976,68118.87
3977,69094.83
3978,69345.26
3979,68687.23
3980,67088.88
3981,64965.48
3982,62902.184
3983,61225.137
3984,59091.47
3985,54351.62
3986,53138.13
3987,51872.082
3988,51280.83
3989,51598.203
3990,52589.004
3991,55227.23
3992,60225.766
3993,66663.1
3994,71995.85
3995,77311.34
3996,79201.33
3997,79719.12
3998,80496.37
3999,82652.14
4000,84834.586
4001,86297.31
4002,86528.33
4003,86424.55
4004,85869.31
4005,84113.42
4006,80912.45
4007,77399.8
4008,73986.51
4009,69538.164
4010,65726.6
4011,63109.68
4012,61409.508
4013,61363.348
4014,62437.09
4015,64434.57
4016,67262.33
4017,71126.78
4018,74906.01
4019,77575.4
4020,79345.016
4021,80317.61
4022,81164.95
4023,81485.98
4024,81455.086
4025,81190.05
4026,80681.914
4027,80139.555
4028,79299.734
4029,78435.26
4030,77101.21
4031,74749.24
4032,71364.26
4033,66164.305
4034,62923.355
4035,60930.07
4036,59904.688
4037,59376.246
4038,59211.91
4039,59180.64
4040,59179.777
4041,59191.418
4042,59094.355
4043,58940.117
4044,58817.152
4045,58915.633
4046,59062.906
4047,59303.367
4048,59659.01
4049,60087.33
4050,60499.31
4051,60785.617
4052,60657.008
4053,60204.453
4054,59517.023
4055,58799.676
4056,57973.95
4057,56985.156
4058,56059.363
4059,55144.953
4060,54224.88
4061,53316.41
4062,52700.95
4063,52299.316
4064,52263.105
4065,52599.348
4066,53387.203
4067,54119.836
4068,55092.99
4069,56306.215
4070,57165.39
4071,58146.62
4072,59370.508
4073,61037.793
4074,62735.04
4075,63270.496
4076,62774.207
4077,61794.113
4078,60393.297
4079,58532.816
4080,56526.562
4081,51908.586
4082,50802.582
4083,50536.062
4084,50206.12
4085,50194.164
4086,51909.746
4087,54389.008
4088,57992.53
4089,63806.758
4090,65379.586
4091,63971.45
4092,63474.26
4093,64054.125
4094,65999.086
4095,68609.2
4096,71168.99
4097,72919.01
4098,73102.01
4099,72135.43
4100,70597.9
4101,68175.69
4102,65469.9
4103,63558.055
4104,61410.69
4105,58885.504
4106,56603.7
4107,54797.758
4108,54076.773
4109,54458.055
4110,55603.234
4111,57347.668
4112,59707.645
4113,62482.6
4114,64021.043
4115,63267.55
4116,62889.797
4117,63432.54
4118,64746.27
4119,66928.44
4120,69847.26
4121,72333.555
4122,74019.555
4123,73670.73
4124,72241.12
4125,70008.15
4126,66886.62
4127,64033.21
4128,61339.883
4129,59096.973
4130,56795.49
4131,54820.844
4132,54171.285
4133,54582.51
4134,56277.812
4135,59014.707
4136,62645.938
4137,66471.336
4138,68552.16
4139,68930.01
4140,69574.24
4141,71059.56
4142,72835.76
4143,74735.74
4144,76834.78
4145,78011.66
4146,78115.51
4147,77679.16
4148,76626.19
4149,74197.91
4150,70744.85
4151,67307.91
4152,63734.27
4153,60975.51
4154,58305.184
4155,57085.848
4156,56871.93
4157,57673.402
4158,59616.094
4159,62225.195
4160,65226.766
4161,68723.84
4162,71915.09
4163,73788.305
4164,74469.4
4165,75096.26
4166,76174.055
4167,77654.914
4168,79191.445
4169,80091.91
4170,80203.78
4171,79727.086
4172,78791.77
4173,76729.61
4174,73105.24
4175,68765.58
4176,64040.152
4177,60498.45
4178,57822.703
4179,56869.027
4180,56921.734
4181,57348.402
4182,59254.742
4183,62224.777
4184,65459.645
4185,68763.914
4186,71555.92
4187,72506.72
4188,72550.85
4189,73041.734
4190,74181.59
4191,75600.29
4192,77256.23
4193,78762.195
4194,78905.72
4195,78332.15
4196,77030.61
4197,74662.86
4198,71107.87
4199,67228.48
4200,63518.418
4201,60003.43
4202,56785.742
4203,55087.273
4204,54613.727
4205,54452.188
4206,54574.37
4207,54895.25
4208,55443.965
4209,56002.035
4210,56626.3
4211,57071.07
4212,57184.35
4213,58041.977
4214,59350.062
4215,61134.555
4216,62909.15
4217,64542.58
4218,65548.43
4219,65476.246
4220,64747.016
4221,63692.426
4222,62420.59
4223,60874.69
4224,58698.047
4225,56760.203
4226,54498.84
4227,52642.047
4228,51289.05
4229,50410.477
4230,50052.297
4231,50130.53
4232,50454.566
4233,51027.535
4234,52082.145
4235,53396.27
4236,54591.895
4237,55526.055
4238,56701.53
4239,58215.23
4240,60109.6
4241,62157.105
4242,64144.293
4243,65292.223
4244,65163.324
4245,64006.297
4246,62492.387
4247,60688.414
4248,58085.688
4249,52760.62
4250,50996.957
4251,50551.54
4252,50189.426
4253,50182.977
4254,51706.16
4255,54123.766
4256,57372.207
4257,63049.207
4258,66711.78
4259,65766.195
4260,64877.902
4261,65290.234
4262,67157.33
4263,69765.72
4264,72910.836
4265,75130.52
4266,75753.74
4267,74644.836
4268,72622.39
4269,70114.34
4270,66737.17
4271,64086.844
4272,61563.984
4273,56880.98
4274,53999.805
4275,52289.297
4276,51722.176
4277,52221.887
4278,54359.414
4279,56200.992
4280,57696.01
4281,59264.242
4282,59526.758
4283,59291.32
4284,59558.15
4285,60117.664
4286,60707.664
4287,61310.793
4288,61910.516
4289,62279.973
4290,62069.727
4291,61647.96
4292,61260.277
4293,60811.516
4294,60033.09
4295,59015.3
4296,57537.562
4297,52942.203
4298,51864.797
4299,51832.574
4300,51975.453
4301,52042.41
4302,52728.227
4303,54331.266
4304,56234.418
4305,59038.812
4306,61851.746
4307,61292.105
4308,59304.914
4309,57890.605
4310,57695.883
4311,58534.047
4312,60460.67
4313,62644.887
4314,64934.47
4315,66173.43
4316,65963.08
4317,64287.254
4318,62710.492
4319,61115.023
4320,59922.188
4321,55507.836
4322,54725.28
4323,54001.17
4324,52833.938
4325,52201.164
4326,52098.32
4327,52147.535
4328,51651.996
4329,50981.37
4330,49885.297
4331,48783.723
4332,48049.953
4333,47619.734
4334,47491.094
4335,48188.91
4336,49397.57
4337,51250.465
4338,52644.984
4339,52816.11
4340,52554.26
4341,52139.957
4342,51455.684
4343,50807.363
4344,49993.773
4345,48866.004
4346,48643.88
4347,48759.16
4348,49056.992
4349,49272.53
4350,50959.22
4351,53751.203
4352,57362.16
4353,61640.03
4354,63062.656
4355,61091.344
4356,59416.336
4357,58338.695
4358,58421.914
4359,59890.83
4360,62569.688
4361,65383.77
4362,67710.086
4363,68120.97
4364,66444.125
4365,64184.59
4366,62518.52
4367,60773.777
4368,59600.113
4369,57134.266
4370,54767.656
4371,53452.02
4372,52500.754
4373,52305.367
4374,52330.12
4375,52367.742
4376,52498.266
4377,51808.453
4378,50266.066
4379,48792.754
4380,48149.152
4381,48490.332
4382,49738.0
4383,51295.51
4384,53060.758
4385,55064.91
4386,57078.457
4387,58786.484
4388,58173.94
4389,57670.117
4390,57167.203
4391,56399.516
4392,54504.027
4393,52049.387
4394,50192.52
4395,49696.793
4396,49401.367
4397,49256.746
4398,49322.395
4399,49754.098
4400,50008.64
4401,48953.664
4402,48136.613
4403,47849.82
4404,47984.01
4405,48666.395
4406,49895.52
4407,51995.52
4408,54359.824
4409,56369.094
4410,57539.508
4411,57710.008
4412,57306.973
4413,56777.04
4414,56038.543
4415,55396.895
4416,54493.977
4417,51168.9
4418,50857.68
4419,50591.562
4420,50083.133
4421,50346.34
4422,51969.684
4423,55839.285
4424,61479.855
4425,64207.0
4426,64568.645
4427,63173.723
4428,62308.336
4429,62337.246
4430,63306.867
4431,65275.316
4432,67514.78
4433,68730.48
4434,68594.086
4435,67449.56
4436,65636.71
4437,63792.523
4438,62003.207
4439,60322.613
4440,58060.65
4441,55810.035
4442,54561.92
4443,53955.516
4444,53908.297
4445,54404.977
4446,55503.207
4447,57990.797
4448,61754.97
4449,64398.72
4450,64956.65
4451,64190.695
4452,63166.805
4453,63005.3
4454,63863.12
4455,65418.06
4456,67407.78
4457,69004.89
4458,69576.625
4459,69087.44
4460,67241.55
4461,65298.97
4462,63229.21
4463,61354.83
4464,59715.367
4465,55856.008
4466,53910.254
4467,52725.527
4468,51502.58
4469,50603.74
4470,50691.695
4471,51564.38
4472,52349.1
4473,52115.02
4474,51109.59
4475,49528.887
4476,48280.418
4477,47635.9
4478,47764.016
4479,48863.41
4480,50478.758
4481,52581.707
4482,54689.07
4483,55582.39
4484,55663.04
4485,55435.87
4486,54872.32
4487,53647.957
4488,51515.19
4489,49220.8
4490,48649.59
4491,48299.066
4492,48640.36
4493,48857.973
4494,49919.504
4495,52499.688
4496,55557.473
4497,59565.445
4498,63288.742
4499,62271.5
4500,60419.5
4501,59365.77
4502,60070.89
4503,61973.203
4504,64821.6
4505,68059.945
4506,69864.96
4507,69303.31
4508,66916.234
4509,64706.83
4510,62271.574
4511,60392.465
4512,58355.594
4513,55483.945
4514,54049.68
4515,53240.508
4516,53331.305
4517,54158.965
4518,56018.375
4519,58885.168
4520,62406.395
4521,64429.863
4522,63518.84
4523,62011.414
4524,61095.527
4525,61317.523
4526,62403.305
4527,64156.85
4528,66477.9
4529,68514.16
4530,69818.69
4531,69458.234
4532,67363.4
4533,64930.875
4534,62934.625
4535,60935.81
4536,59329.13
4537,56593.203
4538,54334.0
4539,53071.125
4540,52432.805
4541,52352.504
4542,52404.68
4543,52450.695
4544,52488.316
4545,52087.152
4546,50818.8
4547,49899.184
4548,49247.305
4549,49480.543
4550,50468.633
4551,51861.65
4552,53581.06
4553,55428.383
4554,57489.633
4555,59298.35
4556,58535.977
4557,57807.984
4558,57224.375
4559,56465.945
4560,54402.72
4561,51756.93
4562,50084.652
4563,49540.492
4564,49326.54
4565,49159.71
4566,49223.645
4567,49619.08
4568,49973.645
4569,48588.54
4570,46629.69
4571,45481.203
4572,45699.227
4573,46526.0
4574,47726.82
4575,49844.293
4576,51998.082
4577,54329.145
4578,56725.934
4579,58603.25
4580,58253.02
4581,57918.094
4582,57419.793
4583,56624.375
4584,55039.527
4585,50847.04
4586,50241.08
4587,49771.16
4588,49505.48
4589,49833.535
4590,51943.39
4591,54902.355
4592,59987.914
4593,64999.79
4594,65856.22
4595,64568.88
4596,64124.81
4597,64666.676
4598,66440.91
4599,68853.26
4600,70340.46
4601,70341.28
4602,69972.055
4603,69077.6
4604,67192.16
4605,64827.707
4606,62649.707
4607,59777.055
4608,58282.31
4609,56790.34
4610,55802.51
4611,55700.887
4612,56595.934
4613,58297.785
4614,61046.523
4615,63847.74
4616,66409.836
4617,67686.21
4618,68475.48
4619,69093.99
4620,69673.84
4621,70223.164
4622,70672.99
4623,71072.95
4624,71389.32
4625,71563.9
4626,71518.43
4627,71066.39
4628,69923.164
4629,67894.05
4630,65521.883
4631,62752.2
4632,60001.87
4633,58122.0
4634,57022.938
4635,55844.98
4636,55105.484
4637,55020.293
4638,55677.906
4639,57301.055
4640,59772.438
4641,62525.875
4642,65011.414
4643,66363.09
4644,67614.52
4645,68765.57
4646,69568.66
4647,70450.836
4648,71269.875
4649,71740.62
4650,71736.83
4651,70733.46
4652,68375.29
4653,65861.91
4654,63002.445
4655,60713.223
4656,58635.96
4657,55903.938
4658,54261.438
4659,53433.05
4660,53278.086
4661,54044.34
4662,55665.516
4663,58643.37
4664,62334.105
4665,64876.086
4666,64666.832
4667,63971.777
4668,63739.05
4669,64408.086
4670,65916.664
4671,67953.984
4672,70010.91
4673,71310.87
4674,71637.48
4675,70748.586
4676,69035.14
4677,66691.0
4678,64194.742
4679,62145.887
4680,60244.67
4681,58310.668
4682,55588.234
4683,54108.23
4684,53479.137
4685,53687.668
4686,54798.25
4687,57325.4
4688,61143.586
4689,65398.477
4690,66916.05
4691,67140.07
4692,68161.75
4693,69966.75
4694,70824.05
4695,71136.93
4696,71165.086
4697,70887.336
4698,70386.3
4699,69268.86
4700,67001.79
4701,64126.156
4702,61800.297
4703,60354.38
4704,59831.2
4705,58876.098
4706,58262.004
4707,58106.434
4708,58377.684
4709,58619.18
4710,58915.363
4711,59259.473
4712,59507.76
4713,59491.332
4714,59313.27
4715,59003.83
4716,58547.46
4717,58118.668
4718,57754.227
4719,57426.312
4720,57123.47
4721,56835.02
4722,56454.04
4723,56049.918
4724,55730.3
4725,55400.207
4726,55040.82
4727,54565.145
4728,53971.832
4729,53102.367
4730,52261.863
4731,51761.188
4732,51495.105
4733,51417.39
4734,51523.582
4735,51772.12
4736,51969.953
4737,51981.844
4738,51668.773
4739,50969.19
4740,50738.617
4741,51015.305
4742,51840.363
4743,52942.164
4744,54061.25
4745,55379.902
4746,56600.918
4747,57149.395
4748,56940.668
4749,56487.566
4750,55806.08
4751,54910.332
4752,53844.94
4753,50264.72
4754,50037.688
4755,49700.79
4756,49387.496
4757,50362.074
4758,52384.742
4759,55513.39
4760,59989.906
4761,62752.734
4762,61999.266
4763,60362.508
4764,59170.934
4765,58879.01
4766,59795.305
4767,61778.625
4768,64215.69
4769,66605.445
4770,67575.016
4771,67478.04
4772,65744.164
4773,64221.03
4774,62582.926
4775,61017.207
4776,59307.31
4777,56317.254
4778,54805.742
4779,53964.36
4780,53914.914
4781,54514.465
4782,56041.426
4783,59064.65
4784,62930.297
4785,64988.258
4786,65451.707
4787,65974.59
4788,66655.96
4789,67235.45
4790,67686.22
4791,67950.14
4792,67950.68
4793,67730.86
4794,67340.18
4795,66801.75
4796,66037.81
4797,64771.31
4798,63302.844
4799,61602.008
4800,59958.176
4801,58446.406
4802,57201.74
4803,56204.082
4804,55677.008
4805,55861.184
4806,56749.42
4807,58059.914
4808,59449.9
4809,60942.668
4810,62478.117
4811,63775.625
4812,64765.52
4813,65302.73
4814,65471.906
4815,65579.49
4816,65656.016
4817,65590.59
4818,65342.754
4819,64712.977
4820,63678.77
4821,62487.617
4822,60901.777
4823,58653.734
4824,56353.727
4825,55131.902
4826,54632.227
4827,54649.996
4828,55171.97
4829,56222.035
4830,58714.723
4831,61479.887
4832,64406.832
4833,65068.47
4834,63911.383
4835,61656.367
4836,59709.23
4837,58854.668
4838,59781.062
4839,61491.156
4840,63434.29
4841,65346.195
4842,66657.23
4843,67189.88
4844,65525.613
4845,63791.516
4846,62423.96
4847,60968.938
4848,59866.22
4849,56925.668
4850,54910.04
4851,53843.074
4852,53338.652
4853,54036.137
4854,55254.86
4855,58185.93
4856,61647.37
4857,64189.36
4858,62567.973
4859,60393.37
4860,58755.414
4861,58391.527
4862,59557.504
4863,61560.805
4864,63960.973
4865,66232.29
4866,67440.68
4867,67071.68
4868,65086.105
4869,63564.79
4870,62272.5
4871,60634.28
4872,59534.29
4873,56343.832
4874,54588.89
4875,53596.406
4876,52928.266
4877,52824.99
4878,53085.79
4879,53164.234
4880,53249.098
4881,52982.465
4882,52183.58
4883,51236.883
4884,50355.77
4885,50280.074
4886,51010.082
4887,52199.504
4888,53819.617
4889,55794.08
4890,57668.48
4891,59062.26
4892,58279.605
4893,57835.777
4894,57184.324
4895,56345.516
4896,54428.184
4897,52130.71
4898,50301.57
4899,49800.043
4900,49539.957
4901,49394.234
4902,49491.023
4903,50008.36
4904,49975.85
4905,49000.773
4906,48500.53
4907,48320.547
4908,48447.715
4909,49099.625
4910,50057.97
4911,51595.266
4912,53561.504
4913,55715.918
4914,57098.145
4915,57750.617
4916,57551.598
4917,57056.145
4918,56285.293
4919,55529.715
4920,54698.117
4921,51413.98
4922,50894.1
4923,50471.125
4924,49908.11
4925,50168.93
4926,51530.203
4927,54588.43
4928,59787.164
4929,63479.9
4930,64273.723
4931,62924.75
4932,61822.887
4933,61340.188
4934,61829.14
4935,62967.168
4936,64753.82
4937,66783.96
4938,67848.26
4939,67744.43
4940,66292.89
4941,64794.473
4942,63518.816
4943,62171.68
4944,61152.277
4945,59480.652
4946,56947.867
4947,55225.336
4948,54398.062
4949,54067.883
4950,54381.918
4951,55161.598
4952,57224.203
4953,60968.906
4954,63694.586
4955,64474.082
4956,63776.047
4957,63471.008
4958,63797.28
4959,64536.047
4960,65685.73
4961,66848.19
4962,67569.63
4963,67249.19
4964,65492.625
4965,63843.05
4966,62085.555
4967,60248.055
4968,56954.324
4969,54945.617
4970,54123.316
4971,53829.836
4972,54331.86
4973,55341.664
4974,57715.98
4975,60763.902
4976,63593.285
4977,64440.582
4978,63335.47
4979,61670.605
4980,60556.81
4981,60445.2
4982,60878.594
4983,62125.062
4984,63935.94
4985,66131.66
4986,67430.98
4987,67540.28
4988,65458.953
4989,63735.605
4990,62285.2
4991,60514.566
4992,59158.895
4993,56424.984
4994,54522.81
4995,53509.617
4996,52899.543
4997,53708.12
4998,54937.39
4999,57707.477
5000,60974.74
5001,63895.066
5002,62726.426
5003,60880.02
5004,59459.23
5005,59083.99
5006,59823.61
5007,61597.324
5008,63797.09
5009,66083.58
5010,67432.21
5011,67580.125
5012,65476.55
5013,63705.758
5014,62253.043
5015,60485.926
5016,59216.945
